"","OBJECTID","VTDID","PCTNAME","PCTCODE","SHORTLABEL","MCDNAME","MCDCODE","MCDFIPS","MCDGNIS","CTU_TYPE","COUNTYNAME","COUNTYCODE","COUNTYFIPS","CONGDIST","MNSENDIST","MNLEGDIST","CTYCOMDIST","JUDDIST","SWCDIST","SWCDIST_N","WARD","HOSPDIST","HOSPDIST_N","PARKDIST","PARKDIST_N","Shape_Leng","Shape_Area"
"1",130,"270033110","Spring Lake Park P-2","3110","P-2","Spring Lake Park","110","61996","02395934","city","Anoka","2","003","5","39","39A","06","10","4003","Anoka District 3",NA,NA,NA,NA,NA,7876.62067821,2991428.79194
"2",741,"270030830","Columbia Heights P-6","0830","P-6","Columbia Heights","040","12700","02393607","city","Anoka","2","003","5","39","39B","07","10","4003","Anoka District 3",NA,NA,NA,NA,NA,6188.43327398,1417778.82481
"3",1689,"270031705","Fridley W-2 P-1","1705","W-2 P-1","Fridley","055","22814","02394826","city","Anoka","2","003","5","39","39A","07","10","4003","Anoka District 3","W-02",NA,NA,NA,NA,6907.67702795,2268656.24431
"4",1941,"270032005","Hilltop P-1","2005","P-1","Hilltop","070","29258","02394389","city","Anoka","2","003","5","39","39A","07","10","4003","Anoka District 3",NA,NA,NA,NA,NA,2429.69326309,329824.218209
"5",3174,"270030805","Columbia Heights P-1","0805","P-1","Columbia Heights","040","12700","02393607","city","Anoka","2","003","5","39","39B","07","10","4003","Anoka District 3",NA,NA,NA,NA,NA,5438.4264327,1349031.64042
"6",3175,"270030810","Columbia Heights P-2","0810","P-2","Columbia Heights","040","12700","02393607","city","Anoka","2","003","5","39","39B","07","10","4003","Anoka District 3",NA,NA,NA,NA,NA,5510.43691031,1240532.73935
"7",3176,"270030815","Columbia Heights P-3","0815","P-3","Columbia Heights","040","12700","02393607","city","Anoka","2","003","5","39","39B","07","10","4003","Anoka District 3",NA,NA,NA,NA,NA,4380.60382877,886600.102934
"8",3177,"270030825","Columbia Heights P-5","0825","P-5","Columbia Heights","040","12700","02393607","city","Anoka","2","003","5","39","39B","07","10","4003","Anoka District 3",NA,NA,NA,NA,NA,5465.93705597,1267643.00214
"9",3178,"270030835","Columbia Heights P-7","0835","P-7","Columbia Heights","040","12700","02393607","city","Anoka","2","003","5","39","39A","07","10","4003","Anoka District 3",NA,NA,NA,NA,NA,5235.34994861,1014773.44489
"10",3179,"270030820","Columbia Heights P-4","0820","P-4","Columbia Heights","040","12700","02393607","city","Anoka","2","003","5","39","39B","07","10","4003","Anoka District 3",NA,NA,NA,NA,NA,5299.42675699,1101208.39934
"11",3180,"270030840","Columbia Heights P-8","0840","P-8","Columbia Heights","040","12700","02393607","city","Anoka","2","003","5","39","39A","07","10","4003","Anoka District 3",NA,NA,NA,NA,NA,5258.45992037,780640.381764
"12",3181,"270031615","Fridley W-1 P-3","1615","W-1 P-3","Fridley","055","22814","02394826","city","Anoka","2","003","5","39","39A","07","10","4003","Anoka District 3","W-01",NA,NA,NA,NA,5175.47278087,1291183.22157
"13",3182,"270031620","Fridley W-1 P-4","1620","W-1 P-4","Fridley","055","22814","02394826","city","Anoka","2","003","5","39","39A","07","10","4003","Anoka District 3","W-01",NA,NA,NA,NA,7797.80212565,1921935.79411
"14",3183,"270031805","Fridley W-3 P-1","1805","W-3 P-1","Fridley","055","22814","02394826","city","Anoka","2","003","5","39","39A","07","10","4003","Anoka District 3","W-03",NA,NA,NA,NA,9350.95458568,3004762.14016
"15",3184,"270031810","Fridley W-3 P-2","1810","W-3 P-2","Fridley","055","22814","02394826","city","Anoka","2","003","5","39","39A","07","10","4003","Anoka District 3","W-03",NA,NA,NA,NA,14063.8656533,4628309.05459
"16",3185,"270031605","Fridley W-1 P-1","1605","W-1 P-1","Fridley","055","22814","02394826","city","Anoka","2","003","5","39","39A","07","10","4003","Anoka District 3","W-01",NA,NA,NA,NA,6312.31491925,2250807.29661
"17",3186,"270031610","Fridley W-1 P-2","1610","W-1 P-2","Fridley","055","22814","02394826","city","Anoka","2","003","5","39","39A","07","10","4003","Anoka District 3","W-01",NA,NA,NA,NA,6326.59440054,1823837.01402
"18",3187,"270031710","Fridley W-2 P-2","1710","W-2 P-2","Fridley","055","22814","02394826","city","Anoka","2","003","5","39","39A","07","10","4003","Anoka District 3","W-02",NA,NA,NA,NA,9237.41000495,3860258.58733
"19",3188,"270033105","Spring Lake Park P-1A","3105","P-1A","Spring Lake Park","110","61996","02395934","city","Anoka","2","003","5","39","39A","06","10","4003","Anoka District 3",NA,NA,NA,NA,NA,7460.25756733,2309485.91048
"20",3450,"270031715","Fridley W-2 P-3","1715","W-2 P-3","Fridley","055","22814","02394826","city","Anoka","2","003","5","39","39A","07","10","4003","Anoka District 3","W-02",NA,NA,NA,NA,5347.91374648,1299698.63547
"21",3451,"270031815","Fridley W-3 P-3","1815","W-3 P-3","Fridley","055","22814","02394826","city","Anoka","2","003","5","39","39A","07","10","4003","Anoka District 3","W-03",NA,NA,NA,NA,15238.1089296,5886715.13391
"22",3493,"270532765","Saint Anthony P-1","2765","P-1","St. Anthony","205","56680","02396471","city","Hennepin","27","053","5","39","39B","02","04",NA,NA,NA,NA,NA,"3","Three Rivers Park District",7693.38854402,2503195.97766
"23",3494,"270532770","Saint Anthony P-2","2770","P-2","St. Anthony","205","56680","02396471","city","Hennepin","27","053","5","39","39B","02","04",NA,NA,NA,NA,NA,"3","Three Rivers Park District",5443.29992135,1867784.87241
"24",3516,"270530560","Crystal W-2 P-1","0560","W-2 P-1","Crystal","035","14158","02393683","city","Hennepin","27","053","5","43","43B","01","04",NA,NA,"W-02",NA,NA,"3","Three Rivers Park District",8196.358983,1600586.53989
"25",3517,"270530565","Crystal W-2 P-2","0565","W-2 P-2","Crystal","035","14158","02393683","city","Hennepin","27","053","5","43","43A","01","04",NA,NA,"W-02",NA,NA,"3","Three Rivers Park District",8437.16371381,1948788.92375
"26",3518,"270530550","Crystal W-1 P-1","0550","W-1 P-1","Crystal","035","14158","02393683","city","Hennepin","27","053","5","43","43A","01","04",NA,NA,"W-01",NA,NA,"3","Three Rivers Park District",15124.9883493,3183541.49455
"27",3519,"270530570","Crystal W-3 P-1","0570","W-3 P-1","Crystal","035","14158","02393683","city","Hennepin","27","053","5","43","43A","01","04",NA,NA,"W-03",NA,NA,"3","Three Rivers Park District",10160.3517453,3714398.36023
"28",3520,"270530585","Crystal W-4 P-1","0585","W-4 P-1","Crystal","035","14158","02393683","city","Hennepin","27","053","5","43","43A","01","04",NA,NA,"W-04",NA,NA,"3","Three Rivers Park District",12653.5593394,4777740.85081
"29",3545,"270532290","New Hope P-1","2290","P-1","New Hope","165","45628","02395201","city","Hennepin","27","053","5","43","43A","01","04",NA,NA,NA,NA,NA,"1","Three Rivers Park District",11024.0053413,1428282.41293
"30",3546,"270532295","New Hope P-2","2295","P-2","New Hope","165","45628","02395201","city","Hennepin","27","053","5","43","43A","01","04",NA,NA,NA,NA,NA,"1","Three Rivers Park District",4881.63888687,1277200.93943
"31",3547,"270532300","New Hope P-3","2300","P-3","New Hope","165","45628","02395201","city","Hennepin","27","053","5","43","43A","01","04",NA,NA,NA,NA,NA,"1","Three Rivers Park District",5685.7334886,2002130.79333
"32",3548,"270532310","New Hope P-4","2310","P-4","New Hope","165","45628","02395201","city","Hennepin","27","053","5","43","43A","01","04",NA,NA,NA,NA,NA,"1","Three Rivers Park District",5607.19935863,1892501.81132
"33",3549,"270532315","New Hope P-5","2315","P-5","New Hope","165","45628","02395201","city","Hennepin","27","053","5","43","43A","01","04",NA,NA,NA,NA,NA,"1","Three Rivers Park District",6422.06374321,1512435.90938
"34",3550,"270532320","New Hope P-6","2320","P-6","New Hope","165","45628","02395201","city","Hennepin","27","053","5","43","43A","01","04",NA,NA,NA,NA,NA,"1","Three Rivers Park District",5094.15547276,1396640.00087
"35",3551,"270532330","New Hope P-7","2330","P-7","New Hope","165","45628","02395201","city","Hennepin","27","053","5","43","43A","01","04",NA,NA,NA,NA,NA,"1","Three Rivers Park District",7105.02222862,1821898.85317
"36",3552,"270532335","New Hope P-8","2335","P-8","New Hope","165","45628","02395201","city","Hennepin","27","053","5","43","43A","01","04",NA,NA,NA,NA,NA,"1","Three Rivers Park District",10138.1563388,1904452.51909
"37",3561,"270530200","Brooklyn Center P-1","0200","P-1","Brooklyn Center","010","07948","02393428","city","Hennepin","27","053","5","38","38B","01","04",NA,NA,NA,NA,NA,"3","Three Rivers Park District",7928.33511222,2892011.75897
"38",3562,"270530205","Brooklyn Center P-2","0205","P-2","Brooklyn Center","010","07948","02393428","city","Hennepin","27","053","5","38","38B","01","04",NA,NA,NA,NA,NA,"3","Three Rivers Park District",11575.9866302,4336234.95269
"39",3563,"270530210","Brooklyn Center P-3","0210","P-3","Brooklyn Center","010","07948","02393428","city","Hennepin","27","053","5","38","38B","01","04",NA,NA,NA,NA,NA,"3","Three Rivers Park District",10216.0987129,3465741.70907
"40",3564,"270530215","Brooklyn Center P-4","0215","P-4","Brooklyn Center","010","07948","02393428","city","Hennepin","27","053","5","38","38B","01","04",NA,NA,NA,NA,NA,"3","Three Rivers Park District",7549.06320899,2698731.07235
"41",3565,"270530225","Brooklyn Center P-6","0225","P-6","Brooklyn Center","010","07948","02393428","city","Hennepin","27","053","5","38","38B","01","04",NA,NA,NA,NA,NA,"3","Three Rivers Park District",10159.2424842,4997181.99371
"42",3566,"270530985","Golden Valley P-1","0985","P-1","Golden Valley","070","24308","02394924","city","Hennepin","27","053","5","43","43B","02","04",NA,NA,NA,NA,NA,"3","Three Rivers Park District",7218.71767189,2724142.55477
"43",3567,"270530990","Golden Valley P-2","0990","P-2","Golden Valley","070","24308","02394924","city","Hennepin","27","053","5","43","43B","02","04",NA,NA,NA,NA,NA,"3","Three Rivers Park District",8851.47979532,2814011.03565
"44",3568,"270531000","Golden Valley P-3","1000","P-3","Golden Valley","070","24308","02394924","city","Hennepin","27","053","5","43","43B","02","04",NA,NA,NA,NA,NA,"3","Three Rivers Park District",12923.7969005,5564365.90187
"45",3569,"270531005","Golden Valley P-4","1005","P-4","Golden Valley","070","24308","02394924","city","Hennepin","27","053","5","43","43B","02","04",NA,NA,NA,NA,NA,"3","Three Rivers Park District",9738.46414483,2943772.80894
"46",3570,"270531010","Golden Valley P-5","1010","P-5","Golden Valley","070","24308","02394924","city","Hennepin","27","053","5","43","43B","02","04",NA,NA,NA,NA,NA,"3","Three Rivers Park District",8631.3712858,2146445.59273
"47",3571,"270531015","Golden Valley P-6","1015","P-6","Golden Valley","070","24308","02394924","city","Hennepin","27","053","5","43","43B","02","04",NA,NA,NA,NA,NA,"3","Three Rivers Park District",8082.65804457,3054103.06933
"48",3572,"270531020","Golden Valley P-7","1020","P-7","Golden Valley","070","24308","02394924","city","Hennepin","27","053","5","43","43B","02","04",NA,NA,NA,NA,NA,"3","Three Rivers Park District",6995.10928799,2351602.34221
"49",3573,"270531025","Golden Valley P-8","1025","P-8","Golden Valley","070","24308","02394924","city","Hennepin","27","053","5","43","43B","02","04",NA,NA,NA,NA,NA,"3","Three Rivers Park District",10693.2747981,5679679.40375
"50",3618,"270530880","Edina P-7","0880","P-7","Edina","060","18188","02394621","city","Hennepin","27","053","5","50","50A","06","04",NA,NA,NA,NA,NA,"4","Three Rivers Park District",8440.98995833,2828065.74467
"51",3619,"270530890","Edina P-9","0890","P-9","Edina","060","18188","02394621","city","Hennepin","27","053","5","50","50A","06","04",NA,NA,NA,NA,NA,"4","Three Rivers Park District",5270.79128932,1335633.59276
"52",3620,"270530875","Edina P-6","0875","P-6","Edina","060","18188","02394621","city","Hennepin","27","053","5","50","50A","06","04",NA,NA,NA,NA,NA,"4","Three Rivers Park District",7321.22114922,1971689.9326
"53",3642,"270532790","Saint Louis Park W-1 P-1","2790","W-1 P-1","St. Louis Park","215","57220","02396500","city","Hennepin","27","053","5","46","46A","03","04",NA,NA,"W-01",NA,NA,"3","Three Rivers Park District",6195.05341304,2378876.25222
"54",3643,"270532795","Saint Louis Park W-1 P-2","2795","W-1 P-2","St. Louis Park","215","57220","02396500","city","Hennepin","27","053","5","46","46A","03","04",NA,NA,"W-01",NA,NA,"3","Three Rivers Park District",6323.37793848,2044467.35781
"55",3644,"270532800","Saint Louis Park W-1 P-3","2800","W-1 P-3","St. Louis Park","215","57220","02396500","city","Hennepin","27","053","5","46","46A","03","04",NA,NA,"W-01",NA,NA,"3","Three Rivers Park District",7350.90399513,1672745.23047
"56",3645,"270532810","Saint Louis Park W-2 P-4","2810","W-2 P-4","St. Louis Park","215","57220","02396500","city","Hennepin","27","053","5","46","46A","03","04",NA,NA,"W-02",NA,NA,"3","Three Rivers Park District",6395.81381654,2274932.67929
"57",3646,"270532815","Saint Louis Park W-2 P-5","2815","W-2 P-5","St. Louis Park","215","57220","02396500","city","Hennepin","27","053","5","46","46B","03","04",NA,NA,"W-02",NA,NA,"3","Three Rivers Park District",7492.41225918,2416975.30706
"58",3647,"270532820","Saint Louis Park W-2 P-6","2820","W-2 P-6","St. Louis Park","215","57220","02396500","city","Hennepin","27","053","5","46","46B","03","04",NA,NA,"W-02",NA,NA,"3","Three Rivers Park District",8881.69194514,2996466.2707
"59",3648,"270532830","Saint Louis Park W-3 P-7","2830","W-3 P-7","St. Louis Park","215","57220","02396500","city","Hennepin","27","053","5","46","46A","03","04",NA,NA,"W-03",NA,NA,"3","Three Rivers Park District",5756.51135813,1930806.55698
"60",3649,"270532835","Saint Louis Park W-3 P-8","2835","W-3 P-8","St. Louis Park","215","57220","02396500","city","Hennepin","27","053","5","46","46A","03","04",NA,NA,"W-03",NA,NA,"3","Three Rivers Park District",8025.90894856,1733865.28658
"61",3650,"270532840","Saint Louis Park W-3 P-9","2840","W-3 P-9","St. Louis Park","215","57220","02396500","city","Hennepin","27","053","5","46","46A","03","04",NA,NA,"W-03",NA,NA,"3","Three Rivers Park District",7702.31783281,2077916.31425
"62",3651,"270532850","Saint Louis Park W-4 P-10","2850","W-4 P-10","St. Louis Park","215","57220","02396500","city","Hennepin","27","053","5","46","46A","03","04",NA,NA,"W-04",NA,NA,"3","Three Rivers Park District",9258.54300191,2495324.9881
"63",3652,"270532855","Saint Louis Park W-4 P-11","2855","W-4 P-11","St. Louis Park","215","57220","02396500","city","Hennepin","27","053","5","46","46A","03","04",NA,NA,"W-04",NA,NA,"3","Three Rivers Park District",10575.4371268,2502571.6312
"64",3653,"270532860","Saint Louis Park W-4 P-12","2860","W-4 P-12","St. Louis Park","215","57220","02396500","city","Hennepin","27","053","5","46","46A","03","04",NA,NA,"W-04",NA,NA,"3","Three Rivers Park District",10186.3411424,3510396.63482
"65",3668,"270530975","Fort Snelling P-1","0975","P-1","Fort Snelling Unorg","067","21965","00664202","unorganized territory","Hennepin","27","053","5","51","51A","04","04",NA,NA,NA,NA,NA,"5","Three Rivers Park District",25406.3685304,19973179.1515
"66",3670,"270532675","Robbinsdale W-4 P-1","2675","W-4 P-1","Robbinsdale","190","54808","02396388","city","Hennepin","27","053","5","43","43B","01","04",NA,NA,"W-04",NA,NA,"3","Three Rivers Park District",8467.78144617,1889608.06235
"67",3671,"270532665","Robbinsdale W-3 P-1","2665","W-3 P-1","Robbinsdale","190","54808","02396388","city","Hennepin","27","053","5","43","43B","01","04",NA,NA,"W-03",NA,NA,"3","Three Rivers Park District",7424.23371498,1351663.78909
"68",3672,"270532645","Robbinsdale W-1 P-1","2645","W-1 P-1","Robbinsdale","190","54808","02396388","city","Hennepin","27","053","5","43","43B","01","04",NA,NA,"W-01",NA,NA,"3","Three Rivers Park District",8504.30831643,2086723.11203
"69",3673,"270532655","Robbinsdale W-2 P-1","2655","W-2 P-1","Robbinsdale","190","54808","02396388","city","Hennepin","27","053","5","43","43B","01","04",NA,NA,"W-02",NA,NA,"3","Three Rivers Park District",10393.6886756,2403833.8043
"70",3694,"270531360","Minneapolis W-1 P-1","1360","W-1 P-1","Minneapolis","135","43000","02395345","city","Hennepin","27","053","5","60","60A","02","04",NA,NA,"W-01",NA,NA,"1","Minneapolis Park and Recreation Board",7800.04599495,2667708.55876
"71",3695,"270531405","Minneapolis W-1 P-10","1405","W-1 P-10","Minneapolis","135","43000","02395345","city","Hennepin","27","053","5","60","60A","02","04",NA,NA,"W-01",NA,NA,"1","Minneapolis Park and Recreation Board",7015.58957094,2139115.32974
"72",3696,"270531410","Minneapolis W-1 P-11","1410","W-1 P-11","Minneapolis","135","43000","02395345","city","Hennepin","27","053","5","60","60A","04","04",NA,NA,"W-01",NA,NA,"1","Minneapolis Park and Recreation Board",8375.55746744,3806724.30237
"73",3697,"270531365","Minneapolis W-1 P-2","1365","W-1 P-2","Minneapolis","135","43000","02395345","city","Hennepin","27","053","5","60","60A","02","04",NA,NA,"W-01",NA,NA,"1","Minneapolis Park and Recreation Board",6765.59978799,1885436.66744
"74",3698,"270531370","Minneapolis W-1 P-3","1370","W-1 P-3","Minneapolis","135","43000","02395345","city","Hennepin","27","053","5","60","60A","02","04",NA,NA,"W-01",NA,NA,"1","Minneapolis Park and Recreation Board",3642.48376801,762646.246981
"75",3699,"270531375","Minneapolis W-1 P-4","1375","W-1 P-4","Minneapolis","135","43000","02395345","city","Hennepin","27","053","5","60","60A","02","04",NA,NA,"W-01",NA,NA,"1","Minneapolis Park and Recreation Board",7502.33031981,2535990.11643
"76",3700,"270531380","Minneapolis W-1 P-5","1380","W-1 P-5","Minneapolis","135","43000","02395345","city","Hennepin","27","053","5","60","60A","02","04",NA,NA,"W-01",NA,NA,"1","Minneapolis Park and Recreation Board",4961.01753218,1407721.07145
"77",3701,"270531385","Minneapolis W-1 P-6","1385","W-1 P-6","Minneapolis","135","43000","02395345","city","Hennepin","27","053","5","60","60A","02","04",NA,NA,"W-01",NA,NA,"1","Minneapolis Park and Recreation Board",4849.43275937,1292962.59375
"78",3702,"270531390","Minneapolis W-1 P-7","1390","W-1 P-7","Minneapolis","135","43000","02395345","city","Hennepin","27","053","5","60","60A","02","04",NA,NA,"W-01",NA,NA,"1","Minneapolis Park and Recreation Board",4837.7616071,1297779.45343
"79",3703,"270531395","Minneapolis W-1 P-8","1395","W-1 P-8","Minneapolis","135","43000","02395345","city","Hennepin","27","053","5","60","60A","02","04",NA,NA,"W-01",NA,NA,"1","Minneapolis Park and Recreation Board",3609.38256054,794014.712324
"80",3704,"270531400","Minneapolis W-1 P-9","1400","W-1 P-9","Minneapolis","135","43000","02395345","city","Hennepin","27","053","5","60","60A","02","04",NA,NA,"W-01",NA,NA,"1","Minneapolis Park and Recreation Board",4774.00973005,1281773.40552
"81",3705,"270531815","Minneapolis W-10 P-1","1815","W-10 P-1","Minneapolis","135","43000","02395345","city","Hennepin","27","053","5","61","61A","03","04",NA,NA,"W-10",NA,NA,"4","Minneapolis Park and Recreation Board",4586.07797574,747000.454553
"82",3706,"270531820","Minneapolis W-10 P-2","1820","W-10 P-2","Minneapolis","135","43000","02395345","city","Hennepin","27","053","5","61","61B","03","04",NA,NA,"W-10",NA,NA,"4","Minneapolis Park and Recreation Board",2404.06316285,320380.453124
"83",3707,"270531825","Minneapolis W-10 P-3","1825","W-10 P-3","Minneapolis","135","43000","02395345","city","Hennepin","27","053","5","61","61B","03","04",NA,NA,"W-10",NA,NA,"6","Minneapolis Park and Recreation Board",4857.12532861,679319.444923
"84",3708,"270531830","Minneapolis W-10 P-4","1830","W-10 P-4","Minneapolis","135","43000","02395345","city","Hennepin","27","053","5","61","61B","03","04",NA,NA,"W-10",NA,NA,"6","Minneapolis Park and Recreation Board",2817.67801348,485840.396493
"85",3709,"270531835","Minneapolis W-10 P-5","1835","W-10 P-5","Minneapolis","135","43000","02395345","city","Hennepin","27","053","5","61","61B","03","04",NA,NA,"W-10",NA,NA,"6","Minneapolis Park and Recreation Board",2763.28377906,465078.286065
"86",3710,"270531840","Minneapolis W-10 P-6","1840","W-10 P-6","Minneapolis","135","43000","02395345","city","Hennepin","27","053","5","62","62A","03","04",NA,NA,"W-10",NA,NA,"4","Minneapolis Park and Recreation Board",3984.90061488,457449.080092
"87",3711,"270531845","Minneapolis W-10 P-7","1845","W-10 P-7","Minneapolis","135","43000","02395345","city","Hennepin","27","053","5","62","62A","03","04",NA,NA,"W-10",NA,NA,"3","Minneapolis Park and Recreation Board",2602.39059233,400821.68375
"88",3712,"270531850","Minneapolis W-10 P-8","1850","W-10 P-8","Minneapolis","135","43000","02395345","city","Hennepin","27","053","5","62","62A","03","04",NA,NA,"W-10",NA,NA,"3","Minneapolis Park and Recreation Board",2999.15911251,441389.010206
"89",3713,"270531855","Minneapolis W-10 P-9","1855","W-10 P-9","Minneapolis","135","43000","02395345","city","Hennepin","27","053","5","62","62A","03","04",NA,NA,"W-10",NA,NA,"3","Minneapolis Park and Recreation Board",4192.56669884,804552.555972
"90",3714,"270531860","Minneapolis W-11 P-1","1860","W-11 P-1","Minneapolis","135","43000","02395345","city","Hennepin","27","053","5","63","63B","03","04",NA,NA,"W-11",NA,NA,"6","Minneapolis Park and Recreation Board",3768.9900392,830431.659131
"91",3715,"270531905","Minneapolis W-11 P-10","1905","W-11 P-10","Minneapolis","135","43000","02395345","city","Hennepin","27","053","5","63","63B","04","04",NA,NA,"W-11",NA,NA,"5","Minneapolis Park and Recreation Board",7082.56372542,2162943.01315
"92",3716,"270531910","Minneapolis W-11 P-11","1910","W-11 P-11","Minneapolis","135","43000","02395345","city","Hennepin","27","053","5","63","63B","04","04",NA,NA,"W-11",NA,NA,"5","Minneapolis Park and Recreation Board",3734.27786174,555017.388289
"93",3717,"270531915","Minneapolis W-11 P-12","1915","W-11 P-12","Minneapolis","135","43000","02395345","city","Hennepin","27","053","5","51","51A","04","04",NA,NA,"W-11",NA,NA,"5","Minneapolis Park and Recreation Board",11073.9556889,1349799.72396
"94",3718,"270531865","Minneapolis W-11 P-2","1865","W-11 P-2","Minneapolis","135","43000","02395345","city","Hennepin","27","053","5","63","63B","03","04",NA,NA,"W-11",NA,NA,"6","Minneapolis Park and Recreation Board",4636.51430324,1300208.82087
"95",3719,"270531870","Minneapolis W-11 P-3","1870","W-11 P-3","Minneapolis","135","43000","02395345","city","Hennepin","27","053","5","63","63B","03","04",NA,NA,"W-11",NA,NA,"6","Minneapolis Park and Recreation Board",5727.1778617,1638199.98778
"96",3720,"270531875","Minneapolis W-11 P-4","1875","W-11 P-4","Minneapolis","135","43000","02395345","city","Hennepin","27","053","5","63","63B","03","04",NA,NA,"W-11",NA,NA,"5","Minneapolis Park and Recreation Board",4065.8558701,958703.084302
"97",3721,"270531880","Minneapolis W-11 P-5","1880","W-11 P-5","Minneapolis","135","43000","02395345","city","Hennepin","27","053","5","63","63B","03","04",NA,NA,"W-11",NA,NA,"5","Minneapolis Park and Recreation Board",5236.41754696,1385316.60155
"98",3722,"270531885","Minneapolis W-11 P-6","1885","W-11 P-6","Minneapolis","135","43000","02395345","city","Hennepin","27","053","5","62","62B","04","04",NA,NA,"W-11",NA,NA,"5","Minneapolis Park and Recreation Board",4022.42894491,969432.970636
"99",3723,"270531890","Minneapolis W-11 P-7","1890","W-11 P-7","Minneapolis","135","43000","02395345","city","Hennepin","27","053","5","63","63B","04","04",NA,NA,"W-11",NA,NA,"5","Minneapolis Park and Recreation Board",5702.52818665,738069.371109
"100",3724,"270531895","Minneapolis W-11 P-8","1895","W-11 P-8","Minneapolis","135","43000","02395345","city","Hennepin","27","053","5","63","63B","04","04",NA,NA,"W-11",NA,NA,"5","Minneapolis Park and Recreation Board",5197.1420323,1417133.82082
"101",3725,"270531900","Minneapolis W-11 P-9","1900","W-11 P-9","Minneapolis","135","43000","02395345","city","Hennepin","27","053","5","63","63B","04","04",NA,NA,"W-11",NA,NA,"5","Minneapolis Park and Recreation Board",5209.24624068,845784.273981
"102",3726,"270531920","Minneapolis W-12 P-1","1920","W-12 P-1","Minneapolis","135","43000","02395345","city","Hennepin","27","053","5","63","63A","04","04",NA,NA,"W-12",NA,NA,"5","Minneapolis Park and Recreation Board",5608.39644187,1776214.65407
"103",3727,"270531965","Minneapolis W-12 P-10","1965","W-12 P-10","Minneapolis","135","43000","02395345","city","Hennepin","27","053","5","63","63B","04","04",NA,NA,"W-12",NA,NA,"5","Minneapolis Park and Recreation Board",8270.40158374,1982263.17448
"104",3728,"270531970","Minneapolis W-12 P-11","1970","W-12 P-11","Minneapolis","135","43000","02395345","city","Hennepin","27","053","5","63","63B","04","04",NA,NA,"W-12",NA,NA,"5","Minneapolis Park and Recreation Board",5303.90962346,1184579.44061
"105",3729,"270531975","Minneapolis W-12 P-12","1975","W-12 P-12","Minneapolis","135","43000","02395345","city","Hennepin","27","053","5","51","51A","04","04",NA,NA,"W-12",NA,NA,"5","Minneapolis Park and Recreation Board",5401.10544236,908429.786227
"106",3730,"270531925","Minneapolis W-12 P-2","1925","W-12 P-2","Minneapolis","135","43000","02395345","city","Hennepin","27","053","5","63","63A","04","04",NA,NA,"W-12",NA,NA,"5","Minneapolis Park and Recreation Board",6463.98773627,1251368.50346
"107",3731,"270531930","Minneapolis W-12 P-3","1930","W-12 P-3","Minneapolis","135","43000","02395345","city","Hennepin","27","053","5","63","63A","04","04",NA,NA,"W-12",NA,NA,"5","Minneapolis Park and Recreation Board",4006.63029074,720715.242251
"108",3732,"270531935","Minneapolis W-12 P-4","1935","W-12 P-4","Minneapolis","135","43000","02395345","city","Hennepin","27","053","5","63","63A","04","04",NA,NA,"W-12",NA,NA,"5","Minneapolis Park and Recreation Board",4410.52154911,963656.350389
"109",3733,"270531940","Minneapolis W-12 P-5","1940","W-12 P-5","Minneapolis","135","43000","02395345","city","Hennepin","27","053","5","63","63A","04","04",NA,NA,"W-12",NA,NA,"5","Minneapolis Park and Recreation Board",4854.52526414,823142.49445
"110",3734,"270531945","Minneapolis W-12 P-6","1945","W-12 P-6","Minneapolis","135","43000","02395345","city","Hennepin","27","053","5","63","63A","04","04",NA,NA,"W-12",NA,NA,"5","Minneapolis Park and Recreation Board",5763.52057002,1242064.12224
"111",3735,"270531950","Minneapolis W-12 P-7","1950","W-12 P-7","Minneapolis","135","43000","02395345","city","Hennepin","27","053","5","63","63A","04","04",NA,NA,"W-12",NA,NA,"5","Minneapolis Park and Recreation Board",5299.76886532,1382753.94711
"112",3736,"270531955","Minneapolis W-12 P-8","1955","W-12 P-8","Minneapolis","135","43000","02395345","city","Hennepin","27","053","5","63","63B","04","04",NA,NA,"W-12",NA,NA,"5","Minneapolis Park and Recreation Board",7026.27678012,2000775.82332
"113",3737,"270531960","Minneapolis W-12 P-9","1960","W-12 P-9","Minneapolis","135","43000","02395345","city","Hennepin","27","053","5","63","63A","04","04",NA,NA,"W-12",NA,NA,"5","Minneapolis Park and Recreation Board",5134.96759359,1034611.97595
"114",3738,"270531980","Minneapolis W-13 P-1","1980","W-13 P-1","Minneapolis","135","43000","02395345","city","Hennepin","27","053","5","61","61B","03","04",NA,NA,"W-13",NA,NA,"6","Minneapolis Park and Recreation Board",4967.60171258,1084532.55233
"115",3739,"270532025","Minneapolis W-13 P-10","2025","W-13 P-10","Minneapolis","135","43000","02395345","city","Hennepin","27","053","5","61","61B","03","04",NA,NA,"W-13",NA,NA,"6","Minneapolis Park and Recreation Board",5438.05778341,1201163.13591
"116",3740,"270532030","Minneapolis W-13 P-11","2030","W-13 P-11","Minneapolis","135","43000","02395345","city","Hennepin","27","053","5","61","61B","03","04",NA,NA,"W-13",NA,NA,"6","Minneapolis Park and Recreation Board",4919.30158341,1292405.50558
"117",3741,"270532035","Minneapolis W-13 P-12","2035","W-13 P-12","Minneapolis","135","43000","02395345","city","Hennepin","27","053","5","61","61B","03","04",NA,NA,"W-13",NA,NA,"6","Minneapolis Park and Recreation Board",6932.86917853,2131793.5771
"118",3742,"270532040","Minneapolis W-13 P-13","2040","W-13 P-13","Minneapolis","135","43000","02395345","city","Hennepin","27","053","5","61","61B","03","04",NA,NA,"W-13",NA,NA,"6","Minneapolis Park and Recreation Board",5497.17925872,1697320.42072
"119",3743,"270531985","Minneapolis W-13 P-2","1985","W-13 P-2","Minneapolis","135","43000","02395345","city","Hennepin","27","053","5","61","61B","03","04",NA,NA,"W-13",NA,NA,"6","Minneapolis Park and Recreation Board",3930.40234826,836221.677961
"120",3744,"270531990","Minneapolis W-13 P-3","1990","W-13 P-3","Minneapolis","135","43000","02395345","city","Hennepin","27","053","5","61","61B","03","04",NA,NA,"W-13",NA,NA,"6","Minneapolis Park and Recreation Board",3805.76596116,591520.512875
"121",3745,"270531995","Minneapolis W-13 P-4","1995","W-13 P-4","Minneapolis","135","43000","02395345","city","Hennepin","27","053","5","61","61B","03","04",NA,NA,"W-13",NA,NA,"6","Minneapolis Park and Recreation Board",4280.17956632,820693.689446
"122",3746,"270532000","Minneapolis W-13 P-5","2000","W-13 P-5","Minneapolis","135","43000","02395345","city","Hennepin","27","053","5","61","61B","03","04",NA,NA,"W-13",NA,NA,"6","Minneapolis Park and Recreation Board",5214.26583855,807406.613504
"123",3747,"270532005","Minneapolis W-13 P-6","2005","W-13 P-6","Minneapolis","135","43000","02395345","city","Hennepin","27","053","5","61","61B","03","04",NA,NA,"W-13",NA,NA,"6","Minneapolis Park and Recreation Board",3008.9894548,495119.302788
"124",3748,"270532010","Minneapolis W-13 P-7","2010","W-13 P-7","Minneapolis","135","43000","02395345","city","Hennepin","27","053","5","61","61B","05","04",NA,NA,"W-13",NA,NA,"6","Minneapolis Park and Recreation Board",5214.02451813,1367286.32502
"125",3749,"270532015","Minneapolis W-13 P-8","2015","W-13 P-8","Minneapolis","135","43000","02395345","city","Hennepin","27","053","5","63","63B","05","04",NA,NA,"W-13",NA,NA,"6","Minneapolis Park and Recreation Board",6031.43270991,1374014.30676
"126",3750,"270532020","Minneapolis W-13 P-9","2020","W-13 P-9","Minneapolis","135","43000","02395345","city","Hennepin","27","053","5","63","63B","03","04",NA,NA,"W-13",NA,NA,"6","Minneapolis Park and Recreation Board",4022.56150038,966647.044262
"127",3751,"270531415","Minneapolis W-2 P-1","1415","W-2 P-1","Minneapolis","135","43000","02395345","city","Hennepin","27","053","5","60","60B","04","04",NA,NA,"W-02",NA,NA,"1","Minneapolis Park and Recreation Board",3515.29653295,371937.222724
"128",3752,"270531420","Minneapolis W-2 P-2","1420","W-2 P-2","Minneapolis","135","43000","02395345","city","Hennepin","27","053","5","60","60B","04","04",NA,NA,"W-02",NA,NA,"1","Minneapolis Park and Recreation Board",2157.21371527,255893.230167
"129",3753,"270531425","Minneapolis W-2 P-3","1425","W-2 P-3","Minneapolis","135","43000","02395345","city","Hennepin","27","053","5","60","60B","04","04",NA,NA,"W-02",NA,NA,"1","Minneapolis Park and Recreation Board",6286.99570372,1753338.89078
"130",3754,"270531430","Minneapolis W-2 P-4","1430","W-2 P-4","Minneapolis","135","43000","02395345","city","Hennepin","27","053","5","60","60B","04","04",NA,NA,"W-02",NA,NA,"1","Minneapolis Park and Recreation Board",6515.69272561,1330000.94743
"131",3755,"270531435","Minneapolis W-2 P-5","1435","W-2 P-5","Minneapolis","135","43000","02395345","city","Hennepin","27","053","5","60","60B","04","04",NA,NA,"W-02",NA,NA,"1","Minneapolis Park and Recreation Board",7419.92609088,2003714.14535
"132",3756,"270531440","Minneapolis W-2 P-6","1440","W-2 P-6","Minneapolis","135","43000","02395345","city","Hennepin","27","053","5","60","60B","04","04",NA,NA,"W-02",NA,NA,"1","Minneapolis Park and Recreation Board",3146.63812694,590017.327596
"133",3757,"270531445","Minneapolis W-2 P-7","1445","W-2 P-7","Minneapolis","135","43000","02395345","city","Hennepin","27","053","5","60","60B","04","04",NA,NA,"W-02",NA,NA,"3","Minneapolis Park and Recreation Board",5600.16505559,1200941.23519
"134",3758,"270531450","Minneapolis W-2 P-8","1450","W-2 P-8","Minneapolis","135","43000","02395345","city","Hennepin","27","053","5","63","63A","04","04",NA,NA,"W-02",NA,NA,"3","Minneapolis Park and Recreation Board",7970.22864464,1789215.93786
"135",3759,"270531455","Minneapolis W-2 P-9","1455","W-2 P-9","Minneapolis","135","43000","02395345","city","Hennepin","27","053","5","63","63A","04","04",NA,NA,"W-02",NA,NA,"1","Minneapolis Park and Recreation Board",4528.96969021,802723.218946
"136",3760,"270531460","Minneapolis W-3 P-1","1460","W-3 P-1","Minneapolis","135","43000","02395345","city","Hennepin","27","053","5","60","60A","02","04",NA,NA,"W-03",NA,NA,"1","Minneapolis Park and Recreation Board",4391.45888911,1025376.62222
"137",3761,"270531505","Minneapolis W-3 P-10","1505","W-3 P-10","Minneapolis","135","43000","02395345","city","Hennepin","27","053","5","59","59B","03","04",NA,NA,"W-03",NA,NA,"4","Minneapolis Park and Recreation Board",4431.22711083,627534.447609
"138",3762,"270531510","Minneapolis W-3 P-11","1510","W-3 P-11","Minneapolis","135","43000","02395345","city","Hennepin","27","053","5","59","59B","03","04",NA,NA,"W-03",NA,NA,"4","Minneapolis Park and Recreation Board",3895.12065472,569793.357395
"139",3763,"270531515","Minneapolis W-3 P-12","1515","W-3 P-12","Minneapolis","135","43000","02395345","city","Hennepin","27","053","5","59","59B","03","04",NA,NA,"W-03",NA,NA,"4","Minneapolis Park and Recreation Board",3870.92516602,595646.995626
"140",3764,"270531465","Minneapolis W-3 P-2","1465","W-3 P-2","Minneapolis","135","43000","02395345","city","Hennepin","27","053","5","60","60A","02","04",NA,NA,"W-03",NA,NA,"1","Minneapolis Park and Recreation Board",5108.79296106,1273123.90452
"141",3765,"270531470","Minneapolis W-3 P-3","1470","W-3 P-3","Minneapolis","135","43000","02395345","city","Hennepin","27","053","5","60","60A","02","04",NA,NA,"W-03",NA,NA,"1","Minneapolis Park and Recreation Board",2454.01799955,362913.029774
"142",3766,"270531475","Minneapolis W-3 P-4","1475","W-3 P-4","Minneapolis","135","43000","02395345","city","Hennepin","27","053","5","60","60A","04","04",NA,NA,"W-03",NA,NA,"1","Minneapolis Park and Recreation Board",5202.29313943,831657.270211
"143",3767,"270531480","Minneapolis W-3 P-5","1480","W-3 P-5","Minneapolis","135","43000","02395345","city","Hennepin","27","053","5","59","59B","02","04",NA,NA,"W-03",NA,NA,"2","Minneapolis Park and Recreation Board",2521.83480619,339466.282254
"144",3768,"270531485","Minneapolis W-3 P-6","1485","W-3 P-6","Minneapolis","135","43000","02395345","city","Hennepin","27","053","5","59","59B","02","04",NA,NA,"W-03",NA,NA,"4","Minneapolis Park and Recreation Board",2902.87111681,417983.727256
"145",3769,"270531490","Minneapolis W-3 P-7","1490","W-3 P-7","Minneapolis","135","43000","02395345","city","Hennepin","27","053","5","59","59B","04","04",NA,NA,"W-03",NA,NA,"4","Minneapolis Park and Recreation Board",5582.2976462,1151748.11221
"146",3770,"270531495","Minneapolis W-3 P-8","1495","W-3 P-8","Minneapolis","135","43000","02395345","city","Hennepin","27","053","5","60","60B","04","04",NA,NA,"W-03",NA,NA,"4","Minneapolis Park and Recreation Board",2694.06812097,357270.364017
"147",3771,"270531500","Minneapolis W-3 P-9","1500","W-3 P-9","Minneapolis","135","43000","02395345","city","Hennepin","27","053","5","60","60B","04","04",NA,NA,"W-03",NA,NA,"4","Minneapolis Park and Recreation Board",4645.2852208,709975.753102
"148",3772,"270531520","Minneapolis W-4 P-1","1520","W-4 P-1","Minneapolis","135","43000","02395345","city","Hennepin","27","053","5","59","59A","02","04",NA,NA,"W-04",NA,NA,"2","Minneapolis Park and Recreation Board",4816.37414914,1284183.33525
"149",3773,"270531525","Minneapolis W-4 P-2","1525","W-4 P-2","Minneapolis","135","43000","02395345","city","Hennepin","27","053","5","59","59A","02","04",NA,NA,"W-04",NA,NA,"2","Minneapolis Park and Recreation Board",6646.39855512,2525506.39044
"150",3774,"270531530","Minneapolis W-4 P-3","1530","W-4 P-3","Minneapolis","135","43000","02395345","city","Hennepin","27","053","5","59","59A","02","04",NA,NA,"W-04",NA,NA,"2","Minneapolis Park and Recreation Board",7130.27436015,1735351.90898
"151",3775,"270531535","Minneapolis W-4 P-4","1535","W-4 P-4","Minneapolis","135","43000","02395345","city","Hennepin","27","053","5","59","59A","02","04",NA,NA,"W-04",NA,NA,"2","Minneapolis Park and Recreation Board",7208.79994367,2197970.00718
"152",3776,"270531540","Minneapolis W-4 P-5","1540","W-4 P-5","Minneapolis","135","43000","02395345","city","Hennepin","27","053","5","59","59A","02","04",NA,NA,"W-04",NA,NA,"2","Minneapolis Park and Recreation Board",5799.66882146,1597289.26496
"153",3777,"270531545","Minneapolis W-4 P-6","1545","W-4 P-6","Minneapolis","135","43000","02395345","city","Hennepin","27","053","5","59","59A","02","04",NA,NA,"W-04",NA,NA,"2","Minneapolis Park and Recreation Board",4453.06837098,1005647.89843
"154",3778,"270531550","Minneapolis W-4 P-7","1550","W-4 P-7","Minneapolis","135","43000","02395345","city","Hennepin","27","053","5","59","59A","02","04",NA,NA,"W-04",NA,NA,"2","Minneapolis Park and Recreation Board",4805.67522158,1442466.44394
"155",3779,"270531555","Minneapolis W-4 P-8","1555","W-4 P-8","Minneapolis","135","43000","02395345","city","Hennepin","27","053","5","59","59A","02","04",NA,NA,"W-04",NA,NA,"2","Minneapolis Park and Recreation Board",5043.40473529,1557269.5395
"156",3780,"270531560","Minneapolis W-4 P-9","1560","W-4 P-9","Minneapolis","135","43000","02395345","city","Hennepin","27","053","5","59","59B","02","04",NA,NA,"W-04",NA,NA,"2","Minneapolis Park and Recreation Board",2223.57380907,202615.440106
"157",3781,"270531565","Minneapolis W-5 P-1","1565","W-5 P-1","Minneapolis","135","43000","02395345","city","Hennepin","27","053","5","59","59A","02","04",NA,NA,"W-05",NA,NA,"2","Minneapolis Park and Recreation Board",4005.94861043,958108.346063
"158",3782,"270531570","Minneapolis W-5 P-2","1570","W-5 P-2","Minneapolis","135","43000","02395345","city","Hennepin","27","053","5","59","59B","02","04",NA,NA,"W-05",NA,NA,"2","Minneapolis Park and Recreation Board",5448.76581096,1522396.82883
"159",3783,"270531575","Minneapolis W-5 P-3","1575","W-5 P-3","Minneapolis","135","43000","02395345","city","Hennepin","27","053","5","59","59A","02","04",NA,NA,"W-05",NA,NA,"2","Minneapolis Park and Recreation Board",6137.02074354,2386097.18366
"160",3784,"270531580","Minneapolis W-5 P-4","1580","W-5 P-4","Minneapolis","135","43000","02395345","city","Hennepin","27","053","5","59","59B","02","04",NA,NA,"W-05",NA,NA,"2","Minneapolis Park and Recreation Board",4624.74132405,1105154.45888
"161",3785,"270531585","Minneapolis W-5 P-5","1585","W-5 P-5","Minneapolis","135","43000","02395345","city","Hennepin","27","053","5","59","59B","02","04",NA,NA,"W-05",NA,NA,"2","Minneapolis Park and Recreation Board",5976.38819901,1634281.66479
"162",3786,"270531590","Minneapolis W-5 P-6","1590","W-5 P-6","Minneapolis","135","43000","02395345","city","Hennepin","27","053","5","59","59B","02","04",NA,NA,"W-05",NA,NA,"2","Minneapolis Park and Recreation Board",4360.79586536,1052191.62796
"163",3787,"270531595","Minneapolis W-5 P-7","1595","W-5 P-7","Minneapolis","135","43000","02395345","city","Hennepin","27","053","5","59","59B","02","04",NA,NA,"W-05",NA,NA,"2","Minneapolis Park and Recreation Board",5445.35856564,1389660.44427
"164",3788,"270531600","Minneapolis W-5 P-8","1600","W-5 P-8","Minneapolis","135","43000","02395345","city","Hennepin","27","053","5","59","59B","02","04",NA,NA,"W-05",NA,NA,"2","Minneapolis Park and Recreation Board",7584.11602419,1465116.75637
"165",3789,"270531605","Minneapolis W-5 P-9","1605","W-5 P-9","Minneapolis","135","43000","02395345","city","Hennepin","27","053","5","61","61A","02","04",NA,NA,"W-05",NA,NA,"2","Minneapolis Park and Recreation Board",6095.75038659,972977.932235
"166",3790,"270531610","Minneapolis W-6 P-1","1610","W-6 P-1","Minneapolis","135","43000","02395345","city","Hennepin","27","053","5","61","61A","04","04",NA,NA,"W-06",NA,NA,"4","Minneapolis Park and Recreation Board",3622.7252118,407869.945273
"167",3791,"270531615","Minneapolis W-6 P-2","1615","W-6 P-2","Minneapolis","135","43000","02395345","city","Hennepin","27","053","5","61","61A","04","04",NA,NA,"W-06",NA,NA,"4","Minneapolis Park and Recreation Board",3590.1734082,564218.978179
"168",3792,"270531620","Minneapolis W-6 P-3","1620","W-6 P-3","Minneapolis","135","43000","02395345","city","Hennepin","27","053","5","60","60B","04","04",NA,NA,"W-06",NA,NA,"3","Minneapolis Park and Recreation Board",4091.28644293,610626.977138
"169",3793,"270531625","Minneapolis W-6 P-4","1625","W-6 P-4","Minneapolis","135","43000","02395345","city","Hennepin","27","053","5","62","62A","03","04",NA,NA,"W-06",NA,NA,"4","Minneapolis Park and Recreation Board",2194.53615413,289853.25044
"170",3794,"270531630","Minneapolis W-6 P-5","1630","W-6 P-5","Minneapolis","135","43000","02395345","city","Hennepin","27","053","5","62","62A","04","04",NA,NA,"W-06",NA,NA,"3","Minneapolis Park and Recreation Board",3374.84537034,619956.088831
"171",3795,"270531635","Minneapolis W-6 P-6","1635","W-6 P-6","Minneapolis","135","43000","02395345","city","Hennepin","27","053","5","62","62A","04","04",NA,NA,"W-06",NA,NA,"3","Minneapolis Park and Recreation Board",3227.21238726,649880.999852
"172",3796,"270531640","Minneapolis W-6 P-7","1640","W-6 P-7","Minneapolis","135","43000","02395345","city","Hennepin","27","053","5","62","62B","04","04",NA,NA,"W-06",NA,NA,"3","Minneapolis Park and Recreation Board",3871.85119024,740171.447994
"173",3797,"270531645","Minneapolis W-6 P-8","1645","W-6 P-8","Minneapolis","135","43000","02395345","city","Hennepin","27","053","5","63","63A","04","04",NA,NA,"W-06",NA,NA,"3","Minneapolis Park and Recreation Board",3565.22598026,488896.860149
"174",3798,"270531650","Minneapolis W-6 P-9","1650","W-6 P-9","Minneapolis","135","43000","02395345","city","Hennepin","27","053","5","63","63A","04","04",NA,NA,"W-06",NA,NA,"3","Minneapolis Park and Recreation Board",4263.68930606,487175.205155
"175",3799,"270531655","Minneapolis W-7 P-1","1655","W-7 P-1","Minneapolis","135","43000","02395345","city","Hennepin","27","053","5","61","61A","03","04",NA,NA,"W-07",NA,NA,"4","Minneapolis Park and Recreation Board",7895.14111635,1570038.96187
"176",3800,"270531700","Minneapolis W-7 P-10","1700","W-7 P-10","Minneapolis","135","43000","02395345","city","Hennepin","27","053","5","62","62A","03","04",NA,NA,"W-07",NA,NA,"4","Minneapolis Park and Recreation Board",2399.47856386,226900.89159
"177",3801,"270531705","Minneapolis W-7 P-11","1705","W-7 P-11","Minneapolis","135","43000","02395345","city","Hennepin","27","053","5","59","59B","03","04",NA,NA,"W-07",NA,NA,"4","Minneapolis Park and Recreation Board",3049.1716865,224165.725712
"178",3802,"270531710","Minneapolis W-7 P-12","1710","W-7 P-12","Minneapolis","135","43000","02395345","city","Hennepin","27","053","5","61","61B","03","04",NA,NA,"W-07",NA,NA,"6","Minneapolis Park and Recreation Board",8247.5535089,3001433.69448
"179",3803,"270531660","Minneapolis W-7 P-2","1660","W-7 P-2","Minneapolis","135","43000","02395345","city","Hennepin","27","053","5","61","61A","03","04",NA,NA,"W-07",NA,NA,"4","Minneapolis Park and Recreation Board",9780.33747661,2864237.30221
"180",3804,"270531665","Minneapolis W-7 P-3","1665","W-7 P-3","Minneapolis","135","43000","02395345","city","Hennepin","27","053","5","61","61A","03","04",NA,NA,"W-07",NA,NA,"4","Minneapolis Park and Recreation Board",5705.66116818,1251781.6407
"181",3805,"270531670","Minneapolis W-7 P-4","1670","W-7 P-4","Minneapolis","135","43000","02395345","city","Hennepin","27","053","5","61","61A","03","04",NA,NA,"W-07",NA,NA,"6","Minneapolis Park and Recreation Board",9443.10732682,1237941.43873
"182",3806,"270531675","Minneapolis W-7 P-5","1675","W-7 P-5","Minneapolis","135","43000","02395345","city","Hennepin","27","053","5","61","61A","03","04",NA,NA,"W-07",NA,NA,"4","Minneapolis Park and Recreation Board",2532.14083025,273472.788409
"183",3807,"270531680","Minneapolis W-7 P-6","1680","W-7 P-6","Minneapolis","135","43000","02395345","city","Hennepin","27","053","5","61","61A","03","04",NA,NA,"W-07",NA,NA,"4","Minneapolis Park and Recreation Board",4444.45528257,1155962.00061
"184",3808,"270531685","Minneapolis W-7 P-7","1685","W-7 P-7","Minneapolis","135","43000","02395345","city","Hennepin","27","053","5","61","61A","03","04",NA,NA,"W-07",NA,NA,"4","Minneapolis Park and Recreation Board",8969.24063883,1539465.0307
"185",3809,"270531690","Minneapolis W-7 P-8","1690","W-7 P-8","Minneapolis","135","43000","02395345","city","Hennepin","27","053","5","61","61A","03","04",NA,NA,"W-07",NA,NA,"4","Minneapolis Park and Recreation Board",4813.36491803,918406.298346
"186",3810,"270531695","Minneapolis W-7 P-9","1695","W-7 P-9","Minneapolis","135","43000","02395345","city","Hennepin","27","053","5","61","61A","03","04",NA,NA,"W-07",NA,NA,"4","Minneapolis Park and Recreation Board",4164.46554199,666124.84518
"187",3811,"270531715","Minneapolis W-8 P-1","1715","W-8 P-1","Minneapolis","135","43000","02395345","city","Hennepin","27","053","5","62","62A","03","04",NA,NA,"W-08",NA,NA,"6","Minneapolis Park and Recreation Board",2933.26616508,421055.417275
"188",3812,"270531760","Minneapolis W-8 P-10","1760","W-8 P-10","Minneapolis","135","43000","02395345","city","Hennepin","27","053","5","62","62B","04","04",NA,NA,"W-08",NA,NA,"5","Minneapolis Park and Recreation Board",3603.58737583,540418.983911
"189",3813,"270531765","Minneapolis W-8 P-11","1765","W-8 P-11","Minneapolis","135","43000","02395345","city","Hennepin","27","053","5","62","62B","04","04",NA,NA,"W-08",NA,NA,"5","Minneapolis Park and Recreation Board",3592.59529048,654480.208032
"190",3814,"270531720","Minneapolis W-8 P-2","1720","W-8 P-2","Minneapolis","135","43000","02395345","city","Hennepin","27","053","5","62","62A","03","04",NA,NA,"W-08",NA,NA,"6","Minneapolis Park and Recreation Board",3751.55072716,842845.472171
"191",3815,"270531725","Minneapolis W-8 P-3","1725","W-8 P-3","Minneapolis","135","43000","02395345","city","Hennepin","27","053","5","62","62A","03","04",NA,NA,"W-08",NA,NA,"6","Minneapolis Park and Recreation Board",3724.7129194,851040.269948
"192",3816,"270531730","Minneapolis W-8 P-4","1730","W-8 P-4","Minneapolis","135","43000","02395345","city","Hennepin","27","053","5","62","62B","03","04",NA,NA,"W-08",NA,NA,"6","Minneapolis Park and Recreation Board",4583.40940902,1310042.36511
"193",3817,"270531735","Minneapolis W-8 P-5","1735","W-8 P-5","Minneapolis","135","43000","02395345","city","Hennepin","27","053","5","62","62A","04","04",NA,NA,"W-08",NA,NA,"3","Minneapolis Park and Recreation Board",3443.25154689,641286.040814
"194",3818,"270531740","Minneapolis W-8 P-6","1740","W-8 P-6","Minneapolis","135","43000","02395345","city","Hennepin","27","053","5","62","62B","04","04",NA,NA,"W-08",NA,NA,"3","Minneapolis Park and Recreation Board",2751.46664344,390694.69553
"195",3819,"270531745","Minneapolis W-8 P-7","1745","W-8 P-7","Minneapolis","135","43000","02395345","city","Hennepin","27","053","5","62","62B","04","04",NA,NA,"W-08",NA,NA,"5","Minneapolis Park and Recreation Board",3951.92208053,963147.666269
"196",3820,"270531750","Minneapolis W-8 P-8","1750","W-8 P-8","Minneapolis","135","43000","02395345","city","Hennepin","27","053","5","62","62B","04","04",NA,NA,"W-08",NA,NA,"5","Minneapolis Park and Recreation Board",3977.89509159,882038.345025
"197",3821,"270531755","Minneapolis W-8 P-9","1755","W-8 P-9","Minneapolis","135","43000","02395345","city","Hennepin","27","053","5","63","63B","04","04",NA,NA,"W-08",NA,NA,"5","Minneapolis Park and Recreation Board",3263.62711121,468765.492962
"198",3822,"270531770","Minneapolis W-9 P-1","1770","W-9 P-1","Minneapolis","135","43000","02395345","city","Hennepin","27","053","5","62","62A","04","04",NA,NA,"W-09",NA,NA,"3","Minneapolis Park and Recreation Board",1952.57698337,230357.864324
"199",3823,"270531775","Minneapolis W-9 P-2","1775","W-9 P-2","Minneapolis","135","43000","02395345","city","Hennepin","27","053","5","62","62B","04","04",NA,NA,"W-09",NA,NA,"3","Minneapolis Park and Recreation Board",5155.03750003,1233958.03193
"200",3824,"270531780","Minneapolis W-9 P-3","1780","W-9 P-3","Minneapolis","135","43000","02395345","city","Hennepin","27","053","5","62","62B","04","04",NA,NA,"W-09",NA,NA,"3","Minneapolis Park and Recreation Board",4000.88400901,959060.874012
"201",3825,"270531785","Minneapolis W-9 P-4","1785","W-9 P-4","Minneapolis","135","43000","02395345","city","Hennepin","27","053","5","62","62B","04","04",NA,NA,"W-09",NA,NA,"3","Minneapolis Park and Recreation Board",4454.07356317,1015601.74482
"202",3826,"270531790","Minneapolis W-9 P-5","1790","W-9 P-5","Minneapolis","135","43000","02395345","city","Hennepin","27","053","5","62","62B","04","04",NA,NA,"W-09",NA,NA,"3","Minneapolis Park and Recreation Board",3612.62137018,421720.390257
"203",3827,"270531795","Minneapolis W-9 P-6","1795","W-9 P-6","Minneapolis","135","43000","02395345","city","Hennepin","27","053","5","63","63A","04","04",NA,NA,"W-09",NA,NA,"3","Minneapolis Park and Recreation Board",4521.25353212,1192598.67289
"204",3828,"270531800","Minneapolis W-9 P-7","1800","W-9 P-7","Minneapolis","135","43000","02395345","city","Hennepin","27","053","5","62","62B","04","04",NA,NA,"W-09",NA,NA,"3","Minneapolis Park and Recreation Board",3194.83952819,480094.421982
"205",3829,"270531805","Minneapolis W-9 P-8","1805","W-9 P-8","Minneapolis","135","43000","02395345","city","Hennepin","27","053","5","63","63A","04","04",NA,NA,"W-09",NA,NA,"5","Minneapolis Park and Recreation Board",6154.76894834,1373572.81734
"206",3830,"270531810","Minneapolis W-9 P-9","1810","W-9 P-9","Minneapolis","135","43000","02395345","city","Hennepin","27","053","5","63","63A","04","04",NA,NA,"W-09",NA,NA,"5","Minneapolis Park and Recreation Board",5911.92063037,1056781.26771
"207",3852,"270532605","Richfield W-3 P-7","2605","W-3 P-7","Richfield","185","54214","02396362","city","Hennepin","27","053","5","51","51A","05","04",NA,NA,"W-03",NA,NA,"4","Three Rivers Park District",6814.02437074,2518961.85236
"208",3853,"270532610","Richfield W-3 P-8","2610","W-3 P-8","Richfield","185","54214","02396362","city","Hennepin","27","053","5","51","51A","05","04",NA,NA,"W-03",NA,NA,"5","Three Rivers Park District",5578.97928527,1582064.53144
"209",3854,"270532615","Richfield W-3 P-9","2615","W-3 P-9","Richfield","185","54214","02396362","city","Hennepin","27","053","5","51","51A","05","04",NA,NA,"W-03",NA,NA,"5","Three Rivers Park District",5807.68006137,1523061.47608
"210",3855,"270532595","Richfield W-2 P-6","2595","W-2 P-6","Richfield","185","54214","02396362","city","Hennepin","27","053","5","51","51A","05","04",NA,NA,"W-02",NA,NA,"4","Three Rivers Park District",5855.44049206,1905226.71647
"211",3856,"270532600","Richfield W-2 P-5","2600","W-2 P-5","Richfield","185","54214","02396362","city","Hennepin","27","053","5","51","51A","05","04",NA,NA,"W-02",NA,NA,"5","Three Rivers Park District",6393.39100318,2045878.28932
"212",3857,"270532590","Richfield W-2 P-4","2590","W-2 P-4","Richfield","185","54214","02396362","city","Hennepin","27","053","5","51","51A","05","04",NA,NA,"W-02",NA,NA,"4","Three Rivers Park District",6922.59693829,1976148.49071
"213",3858,"270532575","Richfield W-1 P-1","2575","W-1 P-1","Richfield","185","54214","02396362","city","Hennepin","27","053","5","51","51A","05","04",NA,NA,"W-01",NA,NA,"4","Three Rivers Park District",5920.25530919,2125941.83052
"214",3859,"270532585","Richfield W-1 P-3","2585","W-1 P-3","Richfield","185","54214","02396362","city","Hennepin","27","053","5","51","51A","05","04",NA,NA,"W-01",NA,NA,"4","Three Rivers Park District",8183.85544919,2626018.65152
"215",3860,"270532580","Richfield W-1 P-2","2580","W-1 P-2","Richfield","185","54214","02396362","city","Hennepin","27","053","5","51","51A","05","04",NA,NA,"W-01",NA,NA,"4","Three Rivers Park District",5585.81676058,1598932.26659
"216",3887,"270530220","Brooklyn Center P-5","0220","P-5","Brooklyn Center","010","07948","02393428","city","Hennepin","27","053","5","38","38B","01","04",NA,NA,NA,NA,NA,"3","Three Rivers Park District",8145.70343067,3261553.48479
"217",3899,"271230530","St. Anthony P-1","0530","P-1","St. Anthony","130","56680","02396471","city","Ramsey","62","123","5","39","39B","02","02",NA,NA,NA,NA,NA,NA,NA,6138.76902888,1713241.56574
