,Democratic-Farmer-Labor,Candidate,Totals,Percent,Graph,Precinct
1,,Ilhan Omar,235,64.56%,,Anoka: COLUMBIA HEIGHTS P-1 
2,,Nate Schluter,1,0.27%,,Anoka: COLUMBIA HEIGHTS P-1 
3,,Abena A. McKenzie,4,1.10%,,Anoka: COLUMBIA HEIGHTS P-1 
4,,Don Samuels,124,34.07%,,Anoka: COLUMBIA HEIGHTS P-1 
1,,Ilhan Omar,220,64.71%,,Anoka: COLUMBIA HEIGHTS P-2 
2,,Nate Schluter,2,0.59%,,Anoka: COLUMBIA HEIGHTS P-2 
3,,Abena A. McKenzie,6,1.76%,,Anoka: COLUMBIA HEIGHTS P-2 
4,,Don Samuels,112,32.94%,,Anoka: COLUMBIA HEIGHTS P-2 
1,,Ilhan Omar,188,62.67%,,Anoka: COLUMBIA HEIGHTS P-3 
2,,Nate Schluter,4,1.33%,,Anoka: COLUMBIA HEIGHTS P-3 
3,,Abena A. McKenzie,1,0.33%,,Anoka: COLUMBIA HEIGHTS P-3 
4,,Don Samuels,107,35.67%,,Anoka: COLUMBIA HEIGHTS P-3 
1,,Ilhan Omar,194,65.99%,,Anoka: COLUMBIA HEIGHTS P-4 
2,,Nate Schluter,1,0.34%,,Anoka: COLUMBIA HEIGHTS P-4 
3,,Abena A. McKenzie,0,0.00%,,Anoka: COLUMBIA HEIGHTS P-4 
4,,Don Samuels,99,33.67%,,Anoka: COLUMBIA HEIGHTS P-4 
1,,Ilhan Omar,197,60.24%,,Anoka: COLUMBIA HEIGHTS P-5 
2,,Nate Schluter,5,1.53%,,Anoka: COLUMBIA HEIGHTS P-5 
3,,Abena A. McKenzie,2,0.61%,,Anoka: COLUMBIA HEIGHTS P-5 
4,,Don Samuels,123,37.61%,,Anoka: COLUMBIA HEIGHTS P-5 
1,,Ilhan Omar,180,57.32%,,Anoka: COLUMBIA HEIGHTS P-6 
2,,Nate Schluter,6,1.91%,,Anoka: COLUMBIA HEIGHTS P-6 
3,,Abena A. McKenzie,0,0.00%,,Anoka: COLUMBIA HEIGHTS P-6 
4,,Don Samuels,128,40.76%,,Anoka: COLUMBIA HEIGHTS P-6 
1,,Ilhan Omar,128,53.56%,,Anoka: COLUMBIA HEIGHTS P-7 
2,,Nate Schluter,3,1.26%,,Anoka: COLUMBIA HEIGHTS P-7 
3,,Abena A. McKenzie,0,0.00%,,Anoka: COLUMBIA HEIGHTS P-7 
4,,Don Samuels,108,45.19%,,Anoka: COLUMBIA HEIGHTS P-7 
1,,Ilhan Omar,125,54.59%,,Anoka: COLUMBIA HEIGHTS P-8 
2,,Nate Schluter,0,0.00%,,Anoka: COLUMBIA HEIGHTS P-8 
3,,Abena A. McKenzie,2,0.87%,,Anoka: COLUMBIA HEIGHTS P-8 
4,,Don Samuels,102,44.54%,,Anoka: COLUMBIA HEIGHTS P-8 
1,,Ilhan Omar,88,42.72%,,Anoka: FRIDLEY W-1 P-1 
2,,Nate Schluter,1,0.49%,,Anoka: FRIDLEY W-1 P-1 
3,,Abena A. McKenzie,2,0.97%,,Anoka: FRIDLEY W-1 P-1 
4,,Don Samuels,115,55.83%,,Anoka: FRIDLEY W-1 P-1 
1,,Ilhan Omar,153,42.98%,,Anoka: FRIDLEY W-1 P-2 
2,,Nate Schluter,2,0.56%,,Anoka: FRIDLEY W-1 P-2 
3,,Abena A. McKenzie,3,0.84%,,Anoka: FRIDLEY W-1 P-2 
4,,Don Samuels,198,55.62%,,Anoka: FRIDLEY W-1 P-2 
1,,Ilhan Omar,151,59.45%,,Anoka: FRIDLEY W-1 P-3 
2,,Nate Schluter,1,0.39%,,Anoka: FRIDLEY W-1 P-3 
3,,Abena A. McKenzie,8,3.15%,,Anoka: FRIDLEY W-1 P-3 
4,,Don Samuels,94,37.01%,,Anoka: FRIDLEY W-1 P-3 
1,,Ilhan Omar,80,43.72%,,Anoka: FRIDLEY W-1 P-4 
2,,Nate Schluter,2,1.09%,,Anoka: FRIDLEY W-1 P-4 
3,,Abena A. McKenzie,2,1.09%,,Anoka: FRIDLEY W-1 P-4 
4,,Don Samuels,99,54.10%,,Anoka: FRIDLEY W-1 P-4 
1,,Ilhan Omar,59,33.15%,,Anoka: FRIDLEY W-2 P-1 
2,,Nate Schluter,1,0.56%,,Anoka: FRIDLEY W-2 P-1 
3,,Abena A. McKenzie,1,0.56%,,Anoka: FRIDLEY W-2 P-1 
4,,Don Samuels,117,65.73%,,Anoka: FRIDLEY W-2 P-1 
1,,Ilhan Omar,237,45.66%,,Anoka: FRIDLEY W-2 P-2 
2,,Nate Schluter,5,0.96%,,Anoka: FRIDLEY W-2 P-2 
3,,Abena A. McKenzie,2,0.39%,,Anoka: FRIDLEY W-2 P-2 
4,,Don Samuels,275,52.99%,,Anoka: FRIDLEY W-2 P-2 
1,,Ilhan Omar,137,37.85%,,Anoka: FRIDLEY W-2 P-3 
2,,Nate Schluter,2,0.55%,,Anoka: FRIDLEY W-2 P-3 
3,,Abena A. McKenzie,1,0.28%,,Anoka: FRIDLEY W-2 P-3 
4,,Don Samuels,222,61.33%,,Anoka: FRIDLEY W-2 P-3 
1,,Ilhan Omar,77,45.03%,,Anoka: FRIDLEY W-3 P-1 
2,,Nate Schluter,0,0.00%,,Anoka: FRIDLEY W-3 P-1 
3,,Abena A. McKenzie,1,0.58%,,Anoka: FRIDLEY W-3 P-1 
4,,Don Samuels,93,54.39%,,Anoka: FRIDLEY W-3 P-1 
1,,Ilhan Omar,208,46.12%,,Anoka: FRIDLEY W-3 P-2 
2,,Nate Schluter,10,2.22%,,Anoka: FRIDLEY W-3 P-2 
3,,Abena A. McKenzie,0,0.00%,,Anoka: FRIDLEY W-3 P-2 
4,,Don Samuels,233,51.66%,,Anoka: FRIDLEY W-3 P-2 
1,,Ilhan Omar,88,49.72%,,Anoka: FRIDLEY W-3 P-3 
2,,Nate Schluter,1,0.57%,,Anoka: FRIDLEY W-3 P-3 
3,,Abena A. McKenzie,2,1.13%,,Anoka: FRIDLEY W-3 P-3 
4,,Don Samuels,86,48.59%,,Anoka: FRIDLEY W-3 P-3 
1,,Ilhan Omar,16,55.17%,,Anoka: HILLTOP P-1 
2,,Nate Schluter,0,0.00%,,Anoka: HILLTOP P-1 
3,,Abena A. McKenzie,0,0.00%,,Anoka: HILLTOP P-1 
4,,Don Samuels,13,44.83%,,Anoka: HILLTOP P-1 
1,,Ilhan Omar,111,38.95%,,Anoka: SPRING LAKE PARK P-1A 
2,,Nate Schluter,6,2.11%,,Anoka: SPRING LAKE PARK P-1A 
3,,Abena A. McKenzie,0,0.00%,,Anoka: SPRING LAKE PARK P-1A 
4,,Don Samuels,168,58.95%,,Anoka: SPRING LAKE PARK P-1A 
1,,Ilhan Omar,112,39.02%,,Anoka: SPRING LAKE PARK P-2 
2,,Nate Schluter,1,0.35%,,Anoka: SPRING LAKE PARK P-2 
3,,Abena A. McKenzie,0,0.00%,,Anoka: SPRING LAKE PARK P-2 
4,,Don Samuels,174,60.63%,,Anoka: SPRING LAKE PARK P-2 
1,,Ilhan Omar,168,50.30%,,Hennepin: BROOKLYN CENTER P-01 
2,,Nate Schluter,7,2.10%,,Hennepin: BROOKLYN CENTER P-01 
3,,Abena A. McKenzie,4,1.20%,,Hennepin: BROOKLYN CENTER P-01 
4,,Don Samuels,155,46.41%,,Hennepin: BROOKLYN CENTER P-01 
1,,Ilhan Omar,129,58.37%,,Hennepin: BROOKLYN CENTER P-02 
2,,Nate Schluter,4,1.81%,,Hennepin: BROOKLYN CENTER P-02 
3,,Abena A. McKenzie,5,2.26%,,Hennepin: BROOKLYN CENTER P-02 
4,,Don Samuels,83,37.56%,,Hennepin: BROOKLYN CENTER P-02 
1,,Ilhan Omar,129,42.02%,,Hennepin: BROOKLYN CENTER P-03 
2,,Nate Schluter,4,1.30%,,Hennepin: BROOKLYN CENTER P-03 
3,,Abena A. McKenzie,3,0.98%,,Hennepin: BROOKLYN CENTER P-03 
4,,Don Samuels,171,55.70%,,Hennepin: BROOKLYN CENTER P-03 
1,,Ilhan Omar,174,55.41%,,Hennepin: BROOKLYN CENTER P-04 
2,,Nate Schluter,6,1.91%,,Hennepin: BROOKLYN CENTER P-04 
3,,Abena A. McKenzie,5,1.59%,,Hennepin: BROOKLYN CENTER P-04 
4,,Don Samuels,129,41.08%,,Hennepin: BROOKLYN CENTER P-04 
1,,Ilhan Omar,161,45.35%,,Hennepin: BROOKLYN CENTER P-05 
2,,Nate Schluter,12,3.38%,,Hennepin: BROOKLYN CENTER P-05 
3,,Abena A. McKenzie,4,1.13%,,Hennepin: BROOKLYN CENTER P-05 
4,,Don Samuels,178,50.14%,,Hennepin: BROOKLYN CENTER P-05 
1,,Ilhan Omar,194,49.87%,,Hennepin: BROOKLYN CENTER P-06 
2,,Nate Schluter,6,1.54%,,Hennepin: BROOKLYN CENTER P-06 
3,,Abena A. McKenzie,5,1.29%,,Hennepin: BROOKLYN CENTER P-06 
4,,Don Samuels,184,47.30%,,Hennepin: BROOKLYN CENTER P-06 
1,,Ilhan Omar,310,44.16%,,Hennepin: CRYSTAL W-1 P-01 
2,,Nate Schluter,7,1.00%,,Hennepin: CRYSTAL W-1 P-01 
3,,Abena A. McKenzie,3,0.43%,,Hennepin: CRYSTAL W-1 P-01 
4,,Don Samuels,382,54.42%,,Hennepin: CRYSTAL W-1 P-01 
1,,Ilhan Omar,155,55.76%,,Hennepin: CRYSTAL W-2 P-01 
2,,Nate Schluter,1,0.36%,,Hennepin: CRYSTAL W-2 P-01 
3,,Abena A. McKenzie,3,1.08%,,Hennepin: CRYSTAL W-2 P-01 
4,,Don Samuels,119,42.81%,,Hennepin: CRYSTAL W-2 P-01 
1,,Ilhan Omar,194,45.75%,,Hennepin: CRYSTAL W-2 P-02 
2,,Nate Schluter,1,0.24%,,Hennepin: CRYSTAL W-2 P-02 
3,,Abena A. McKenzie,1,0.24%,,Hennepin: CRYSTAL W-2 P-02 
4,,Don Samuels,228,53.77%,,Hennepin: CRYSTAL W-2 P-02 
1,,Ilhan Omar,293,47.80%,,Hennepin: CRYSTAL W-3 P-01 
2,,Nate Schluter,6,0.98%,,Hennepin: CRYSTAL W-3 P-01 
3,,Abena A. McKenzie,3,0.49%,,Hennepin: CRYSTAL W-3 P-01 
4,,Don Samuels,311,50.73%,,Hennepin: CRYSTAL W-3 P-01 
1,,Ilhan Omar,226,43.38%,,Hennepin: CRYSTAL W-4 P-01 
2,,Nate Schluter,6,1.15%,,Hennepin: CRYSTAL W-4 P-01 
3,,Abena A. McKenzie,4,0.77%,,Hennepin: CRYSTAL W-4 P-01 
4,,Don Samuels,285,54.70%,,Hennepin: CRYSTAL W-4 P-01 
1,,Ilhan Omar,216,17.25%,,Hennepin: EDINA P-06 
2,,Nate Schluter,0,0.00%,,Hennepin: EDINA P-06 
3,,Abena A. McKenzie,2,0.16%,,Hennepin: EDINA P-06 
4,,Don Samuels,1034,82.59%,,Hennepin: EDINA P-06 
1,,Ilhan Omar,186,15.76%,,Hennepin: EDINA P-07 
2,,Nate Schluter,0,0.00%,,Hennepin: EDINA P-07 
3,,Abena A. McKenzie,1,0.08%,,Hennepin: EDINA P-07 
4,,Don Samuels,993,84.15%,,Hennepin: EDINA P-07 
1,,Ilhan Omar,167,30.14%,,Hennepin: EDINA P-09 
2,,Nate Schluter,4,0.72%,,Hennepin: EDINA P-09 
3,,Abena A. McKenzie,2,0.36%,,Hennepin: EDINA P-09 
4,,Don Samuels,381,68.77%,,Hennepin: EDINA P-09 
1,,Ilhan Omar,12,40.00%,,Hennepin: FORT SNELLING P-01 
2,,Nate Schluter,0,0.00%,,Hennepin: FORT SNELLING P-01 
3,,Abena A. McKenzie,0,0.00%,,Hennepin: FORT SNELLING P-01 
4,,Don Samuels,18,60.00%,,Hennepin: FORT SNELLING P-01 
1,,Ilhan Omar,247,39.33%,,Hennepin: GOLDEN VALLEY P-1 
2,,Nate Schluter,1,0.16%,,Hennepin: GOLDEN VALLEY P-1 
3,,Abena A. McKenzie,0,0.00%,,Hennepin: GOLDEN VALLEY P-1 
4,,Don Samuels,380,60.51%,,Hennepin: GOLDEN VALLEY P-1 
1,,Ilhan Omar,339,41.90%,,Hennepin: GOLDEN VALLEY P-2 
2,,Nate Schluter,1,0.12%,,Hennepin: GOLDEN VALLEY P-2 
3,,Abena A. McKenzie,2,0.25%,,Hennepin: GOLDEN VALLEY P-2 
4,,Don Samuels,467,57.73%,,Hennepin: GOLDEN VALLEY P-2 
1,,Ilhan Omar,292,32.05%,,Hennepin: GOLDEN VALLEY P-3 
2,,Nate Schluter,1,0.11%,,Hennepin: GOLDEN VALLEY P-3 
3,,Abena A. McKenzie,0,0.00%,,Hennepin: GOLDEN VALLEY P-3 
4,,Don Samuels,618,67.84%,,Hennepin: GOLDEN VALLEY P-3 
1,,Ilhan Omar,192,34.72%,,Hennepin: GOLDEN VALLEY P-4 
2,,Nate Schluter,6,1.09%,,Hennepin: GOLDEN VALLEY P-4 
3,,Abena A. McKenzie,3,0.54%,,Hennepin: GOLDEN VALLEY P-4 
4,,Don Samuels,352,63.65%,,Hennepin: GOLDEN VALLEY P-4 
1,,Ilhan Omar,159,26.37%,,Hennepin: GOLDEN VALLEY P-5 
2,,Nate Schluter,5,0.83%,,Hennepin: GOLDEN VALLEY P-5 
3,,Abena A. McKenzie,2,0.33%,,Hennepin: GOLDEN VALLEY P-5 
4,,Don Samuels,437,72.47%,,Hennepin: GOLDEN VALLEY P-5 
1,,Ilhan Omar,218,46.78%,,Hennepin: GOLDEN VALLEY P-6 
2,,Nate Schluter,3,0.64%,,Hennepin: GOLDEN VALLEY P-6 
3,,Abena A. McKenzie,4,0.86%,,Hennepin: GOLDEN VALLEY P-6 
4,,Don Samuels,241,51.72%,,Hennepin: GOLDEN VALLEY P-6 
1,,Ilhan Omar,274,36.05%,,Hennepin: GOLDEN VALLEY P-7 
2,,Nate Schluter,5,0.66%,,Hennepin: GOLDEN VALLEY P-7 
3,,Abena A. McKenzie,5,0.66%,,Hennepin: GOLDEN VALLEY P-7 
4,,Don Samuels,476,62.63%,,Hennepin: GOLDEN VALLEY P-7 
1,,Ilhan Omar,242,30.06%,,Hennepin: GOLDEN VALLEY P-8 
2,,Nate Schluter,8,0.99%,,Hennepin: GOLDEN VALLEY P-8 
3,,Abena A. McKenzie,5,0.62%,,Hennepin: GOLDEN VALLEY P-8 
4,,Don Samuels,550,68.32%,,Hennepin: GOLDEN VALLEY P-8 
1,,Ilhan Omar,198,64.71%,,Hennepin: MINNEAPOLIS W-1 P-01 
2,,Nate Schluter,2,0.65%,,Hennepin: MINNEAPOLIS W-1 P-01 
3,,Abena A. McKenzie,1,0.33%,,Hennepin: MINNEAPOLIS W-1 P-01 
4,,Don Samuels,105,34.31%,,Hennepin: MINNEAPOLIS W-1 P-01 
1,,Ilhan Omar,181,68.30%,,Hennepin: MINNEAPOLIS W-1 P-02 
2,,Nate Schluter,2,0.75%,,Hennepin: MINNEAPOLIS W-1 P-02 
3,,Abena A. McKenzie,4,1.51%,,Hennepin: MINNEAPOLIS W-1 P-02 
4,,Don Samuels,78,29.43%,,Hennepin: MINNEAPOLIS W-1 P-02 
1,,Ilhan Omar,212,77.66%,,Hennepin: MINNEAPOLIS W-1 P-03 
2,,Nate Schluter,1,0.37%,,Hennepin: MINNEAPOLIS W-1 P-03 
3,,Abena A. McKenzie,2,0.73%,,Hennepin: MINNEAPOLIS W-1 P-03 
4,,Don Samuels,58,21.25%,,Hennepin: MINNEAPOLIS W-1 P-03 
1,,Ilhan Omar,556,75.54%,,Hennepin: MINNEAPOLIS W-1 P-04 
2,,Nate Schluter,5,0.68%,,Hennepin: MINNEAPOLIS W-1 P-04 
3,,Abena A. McKenzie,1,0.14%,,Hennepin: MINNEAPOLIS W-1 P-04 
4,,Don Samuels,174,23.64%,,Hennepin: MINNEAPOLIS W-1 P-04 
1,,Ilhan Omar,480,66.57%,,Hennepin: MINNEAPOLIS W-1 P-05 
2,,Nate Schluter,1,0.14%,,Hennepin: MINNEAPOLIS W-1 P-05 
3,,Abena A. McKenzie,4,0.55%,,Hennepin: MINNEAPOLIS W-1 P-05 
4,,Don Samuels,236,32.73%,,Hennepin: MINNEAPOLIS W-1 P-05 
1,,Ilhan Omar,665,67.38%,,Hennepin: MINNEAPOLIS W-1 P-06 
2,,Nate Schluter,2,0.20%,,Hennepin: MINNEAPOLIS W-1 P-06 
3,,Abena A. McKenzie,7,0.71%,,Hennepin: MINNEAPOLIS W-1 P-06 
4,,Don Samuels,313,31.71%,,Hennepin: MINNEAPOLIS W-1 P-06 
1,,Ilhan Omar,709,67.72%,,Hennepin: MINNEAPOLIS W-1 P-07 
2,,Nate Schluter,4,0.38%,,Hennepin: MINNEAPOLIS W-1 P-07 
3,,Abena A. McKenzie,2,0.19%,,Hennepin: MINNEAPOLIS W-1 P-07 
4,,Don Samuels,332,31.71%,,Hennepin: MINNEAPOLIS W-1 P-07 
1,,Ilhan Omar,314,74.76%,,Hennepin: MINNEAPOLIS W-1 P-08 
2,,Nate Schluter,1,0.24%,,Hennepin: MINNEAPOLIS W-1 P-08 
3,,Abena A. McKenzie,1,0.24%,,Hennepin: MINNEAPOLIS W-1 P-08 
4,,Don Samuels,104,24.76%,,Hennepin: MINNEAPOLIS W-1 P-08 
1,,Ilhan Omar,511,74.49%,,Hennepin: MINNEAPOLIS W-1 P-09 
2,,Nate Schluter,2,0.29%,,Hennepin: MINNEAPOLIS W-1 P-09 
3,,Abena A. McKenzie,1,0.15%,,Hennepin: MINNEAPOLIS W-1 P-09 
4,,Don Samuels,172,25.07%,,Hennepin: MINNEAPOLIS W-1 P-09 
1,,Ilhan Omar,386,60.98%,,Hennepin: MINNEAPOLIS W-1 P-10 
2,,Nate Schluter,4,0.63%,,Hennepin: MINNEAPOLIS W-1 P-10 
3,,Abena A. McKenzie,1,0.16%,,Hennepin: MINNEAPOLIS W-1 P-10 
4,,Don Samuels,242,38.23%,,Hennepin: MINNEAPOLIS W-1 P-10 
1,,Ilhan Omar,354,76.46%,,Hennepin: MINNEAPOLIS W-1 P-11 
2,,Nate Schluter,1,0.22%,,Hennepin: MINNEAPOLIS W-1 P-11 
3,,Abena A. McKenzie,2,0.43%,,Hennepin: MINNEAPOLIS W-1 P-11 
4,,Don Samuels,106,22.89%,,Hennepin: MINNEAPOLIS W-1 P-11 
1,,Ilhan Omar,63,75.90%,,Hennepin: MINNEAPOLIS W-2 P-01 
2,,Nate Schluter,0,0.00%,,Hennepin: MINNEAPOLIS W-2 P-01 
3,,Abena A. McKenzie,4,4.82%,,Hennepin: MINNEAPOLIS W-2 P-01 
4,,Don Samuels,16,19.28%,,Hennepin: MINNEAPOLIS W-2 P-01 
1,,Ilhan Omar,56,71.79%,,Hennepin: MINNEAPOLIS W-2 P-02 
2,,Nate Schluter,1,1.28%,,Hennepin: MINNEAPOLIS W-2 P-02 
3,,Abena A. McKenzie,2,2.56%,,Hennepin: MINNEAPOLIS W-2 P-02 
4,,Don Samuels,19,24.36%,,Hennepin: MINNEAPOLIS W-2 P-02 
1,,Ilhan Omar,245,79.03%,,Hennepin: MINNEAPOLIS W-2 P-03 
2,,Nate Schluter,1,0.32%,,Hennepin: MINNEAPOLIS W-2 P-03 
3,,Abena A. McKenzie,2,0.65%,,Hennepin: MINNEAPOLIS W-2 P-03 
4,,Don Samuels,62,20.00%,,Hennepin: MINNEAPOLIS W-2 P-03 
1,,Ilhan Omar,15,93.75%,,Hennepin: MINNEAPOLIS W-2 P-04 
2,,Nate Schluter,0,0.00%,,Hennepin: MINNEAPOLIS W-2 P-04 
3,,Abena A. McKenzie,0,0.00%,,Hennepin: MINNEAPOLIS W-2 P-04 
4,,Don Samuels,1,6.25%,,Hennepin: MINNEAPOLIS W-2 P-04 
1,,Ilhan Omar,560,65.88%,,Hennepin: MINNEAPOLIS W-2 P-05 
2,,Nate Schluter,2,0.24%,,Hennepin: MINNEAPOLIS W-2 P-05 
3,,Abena A. McKenzie,0,0.00%,,Hennepin: MINNEAPOLIS W-2 P-05 
4,,Don Samuels,288,33.88%,,Hennepin: MINNEAPOLIS W-2 P-05 
1,,Ilhan Omar,93,80.17%,,Hennepin: MINNEAPOLIS W-2 P-06 
2,,Nate Schluter,0,0.00%,,Hennepin: MINNEAPOLIS W-2 P-06 
3,,Abena A. McKenzie,0,0.00%,,Hennepin: MINNEAPOLIS W-2 P-06 
4,,Don Samuels,23,19.83%,,Hennepin: MINNEAPOLIS W-2 P-06 
1,,Ilhan Omar,106,72.60%,,Hennepin: MINNEAPOLIS W-2 P-07 
2,,Nate Schluter,0,0.00%,,Hennepin: MINNEAPOLIS W-2 P-07 
3,,Abena A. McKenzie,1,0.68%,,Hennepin: MINNEAPOLIS W-2 P-07 
4,,Don Samuels,39,26.71%,,Hennepin: MINNEAPOLIS W-2 P-07 
1,,Ilhan Omar,666,74.83%,,Hennepin: MINNEAPOLIS W-2 P-08 
2,,Nate Schluter,2,0.22%,,Hennepin: MINNEAPOLIS W-2 P-08 
3,,Abena A. McKenzie,1,0.11%,,Hennepin: MINNEAPOLIS W-2 P-08 
4,,Don Samuels,221,24.83%,,Hennepin: MINNEAPOLIS W-2 P-08 
1,,Ilhan Omar,173,59.86%,,Hennepin: MINNEAPOLIS W-2 P-09 
2,,Nate Schluter,0,0.00%,,Hennepin: MINNEAPOLIS W-2 P-09 
3,,Abena A. McKenzie,0,0.00%,,Hennepin: MINNEAPOLIS W-2 P-09 
4,,Don Samuels,116,40.14%,,Hennepin: MINNEAPOLIS W-2 P-09 
1,,Ilhan Omar,438,77.66%,,Hennepin: MINNEAPOLIS W-3 P-01 
2,,Nate Schluter,4,0.71%,,Hennepin: MINNEAPOLIS W-3 P-01 
3,,Abena A. McKenzie,1,0.18%,,Hennepin: MINNEAPOLIS W-3 P-01 
4,,Don Samuels,121,21.45%,,Hennepin: MINNEAPOLIS W-3 P-01 
1,,Ilhan Omar,415,64.44%,,Hennepin: MINNEAPOLIS W-3 P-02 
2,,Nate Schluter,3,0.47%,,Hennepin: MINNEAPOLIS W-3 P-02 
3,,Abena A. McKenzie,9,1.40%,,Hennepin: MINNEAPOLIS W-3 P-02 
4,,Don Samuels,217,33.70%,,Hennepin: MINNEAPOLIS W-3 P-02 
1,,Ilhan Omar,213,71.72%,,Hennepin: MINNEAPOLIS W-3 P-03 
2,,Nate Schluter,1,0.34%,,Hennepin: MINNEAPOLIS W-3 P-03 
3,,Abena A. McKenzie,1,0.34%,,Hennepin: MINNEAPOLIS W-3 P-03 
4,,Don Samuels,82,27.61%,,Hennepin: MINNEAPOLIS W-3 P-03 
1,,Ilhan Omar,212,77.94%,,Hennepin: MINNEAPOLIS W-3 P-04 
2,,Nate Schluter,0,0.00%,,Hennepin: MINNEAPOLIS W-3 P-04 
3,,Abena A. McKenzie,0,0.00%,,Hennepin: MINNEAPOLIS W-3 P-04 
4,,Don Samuels,60,22.06%,,Hennepin: MINNEAPOLIS W-3 P-04 
1,,Ilhan Omar,245,50.31%,,Hennepin: MINNEAPOLIS W-3 P-05 
2,,Nate Schluter,5,1.03%,,Hennepin: MINNEAPOLIS W-3 P-05 
3,,Abena A. McKenzie,3,0.62%,,Hennepin: MINNEAPOLIS W-3 P-05 
4,,Don Samuels,234,48.05%,,Hennepin: MINNEAPOLIS W-3 P-05 
1,,Ilhan Omar,243,45.68%,,Hennepin: MINNEAPOLIS W-3 P-06 
2,,Nate Schluter,5,0.94%,,Hennepin: MINNEAPOLIS W-3 P-06 
3,,Abena A. McKenzie,0,0.00%,,Hennepin: MINNEAPOLIS W-3 P-06 
4,,Don Samuels,284,53.38%,,Hennepin: MINNEAPOLIS W-3 P-06 
1,,Ilhan Omar,642,48.42%,,Hennepin: MINNEAPOLIS W-3 P-07 
2,,Nate Schluter,3,0.23%,,Hennepin: MINNEAPOLIS W-3 P-07 
3,,Abena A. McKenzie,2,0.15%,,Hennepin: MINNEAPOLIS W-3 P-07 
4,,Don Samuels,679,51.21%,,Hennepin: MINNEAPOLIS W-3 P-07 
1,,Ilhan Omar,301,72.53%,,Hennepin: MINNEAPOLIS W-3 P-08 
2,,Nate Schluter,3,0.72%,,Hennepin: MINNEAPOLIS W-3 P-08 
3,,Abena A. McKenzie,0,0.00%,,Hennepin: MINNEAPOLIS W-3 P-08 
4,,Don Samuels,111,26.75%,,Hennepin: MINNEAPOLIS W-3 P-08 
1,,Ilhan Omar,251,79.68%,,Hennepin: MINNEAPOLIS W-3 P-09 
2,,Nate Schluter,2,0.63%,,Hennepin: MINNEAPOLIS W-3 P-09 
3,,Abena A. McKenzie,1,0.32%,,Hennepin: MINNEAPOLIS W-3 P-09 
4,,Don Samuels,61,19.37%,,Hennepin: MINNEAPOLIS W-3 P-09 
1,,Ilhan Omar,343,45.55%,,Hennepin: MINNEAPOLIS W-3 P-10 
2,,Nate Schluter,6,0.80%,,Hennepin: MINNEAPOLIS W-3 P-10 
3,,Abena A. McKenzie,3,0.40%,,Hennepin: MINNEAPOLIS W-3 P-10 
4,,Don Samuels,401,53.25%,,Hennepin: MINNEAPOLIS W-3 P-10 
1,,Ilhan Omar,296,39.57%,,Hennepin: MINNEAPOLIS W-3 P-11 
2,,Nate Schluter,3,0.40%,,Hennepin: MINNEAPOLIS W-3 P-11 
3,,Abena A. McKenzie,1,0.13%,,Hennepin: MINNEAPOLIS W-3 P-11 
4,,Don Samuels,448,59.89%,,Hennepin: MINNEAPOLIS W-3 P-11 
1,,Ilhan Omar,260,44.44%,,Hennepin: MINNEAPOLIS W-3 P-12 
2,,Nate Schluter,3,0.51%,,Hennepin: MINNEAPOLIS W-3 P-12 
3,,Abena A. McKenzie,2,0.34%,,Hennepin: MINNEAPOLIS W-3 P-12 
4,,Don Samuels,320,54.70%,,Hennepin: MINNEAPOLIS W-3 P-12 
1,,Ilhan Omar,183,63.32%,,Hennepin: MINNEAPOLIS W-4 P-01 
2,,Nate Schluter,5,1.73%,,Hennepin: MINNEAPOLIS W-4 P-01 
3,,Abena A. McKenzie,3,1.04%,,Hennepin: MINNEAPOLIS W-4 P-01 
4,,Don Samuels,98,33.91%,,Hennepin: MINNEAPOLIS W-4 P-01 
1,,Ilhan Omar,303,59.88%,,Hennepin: MINNEAPOLIS W-4 P-02 
2,,Nate Schluter,1,0.20%,,Hennepin: MINNEAPOLIS W-4 P-02 
3,,Abena A. McKenzie,6,1.19%,,Hennepin: MINNEAPOLIS W-4 P-02 
4,,Don Samuels,196,38.74%,,Hennepin: MINNEAPOLIS W-4 P-02 
1,,Ilhan Omar,620,60.96%,,Hennepin: MINNEAPOLIS W-4 P-03 
2,,Nate Schluter,5,0.49%,,Hennepin: MINNEAPOLIS W-4 P-03 
3,,Abena A. McKenzie,2,0.20%,,Hennepin: MINNEAPOLIS W-4 P-03 
4,,Don Samuels,390,38.35%,,Hennepin: MINNEAPOLIS W-4 P-03 
1,,Ilhan Omar,202,70.63%,,Hennepin: MINNEAPOLIS W-4 P-04 
2,,Nate Schluter,3,1.05%,,Hennepin: MINNEAPOLIS W-4 P-04 
3,,Abena A. McKenzie,2,0.70%,,Hennepin: MINNEAPOLIS W-4 P-04 
4,,Don Samuels,79,27.62%,,Hennepin: MINNEAPOLIS W-4 P-04 
1,,Ilhan Omar,203,64.65%,,Hennepin: MINNEAPOLIS W-4 P-05 
2,,Nate Schluter,4,1.27%,,Hennepin: MINNEAPOLIS W-4 P-05 
3,,Abena A. McKenzie,4,1.27%,,Hennepin: MINNEAPOLIS W-4 P-05 
4,,Don Samuels,103,32.80%,,Hennepin: MINNEAPOLIS W-4 P-05 
1,,Ilhan Omar,222,66.67%,,Hennepin: MINNEAPOLIS W-4 P-06 
2,,Nate Schluter,1,0.30%,,Hennepin: MINNEAPOLIS W-4 P-06 
3,,Abena A. McKenzie,3,0.90%,,Hennepin: MINNEAPOLIS W-4 P-06 
4,,Don Samuels,107,32.13%,,Hennepin: MINNEAPOLIS W-4 P-06 
1,,Ilhan Omar,277,63.68%,,Hennepin: MINNEAPOLIS W-4 P-07 
2,,Nate Schluter,1,0.23%,,Hennepin: MINNEAPOLIS W-4 P-07 
3,,Abena A. McKenzie,3,0.69%,,Hennepin: MINNEAPOLIS W-4 P-07 
4,,Don Samuels,154,35.40%,,Hennepin: MINNEAPOLIS W-4 P-07 
1,,Ilhan Omar,128,65.31%,,Hennepin: MINNEAPOLIS W-4 P-08 
2,,Nate Schluter,1,0.51%,,Hennepin: MINNEAPOLIS W-4 P-08 
3,,Abena A. McKenzie,1,0.51%,,Hennepin: MINNEAPOLIS W-4 P-08 
4,,Don Samuels,66,33.67%,,Hennepin: MINNEAPOLIS W-4 P-08 
1,,Ilhan Omar,27,49.09%,,Hennepin: MINNEAPOLIS W-4 P-09 
2,,Nate Schluter,0,0.00%,,Hennepin: MINNEAPOLIS W-4 P-09 
3,,Abena A. McKenzie,1,1.82%,,Hennepin: MINNEAPOLIS W-4 P-09 
4,,Don Samuels,27,49.09%,,Hennepin: MINNEAPOLIS W-4 P-09 
1,,Ilhan Omar,161,67.08%,,Hennepin: MINNEAPOLIS W-5 P-01 
2,,Nate Schluter,3,1.25%,,Hennepin: MINNEAPOLIS W-5 P-01 
3,,Abena A. McKenzie,0,0.00%,,Hennepin: MINNEAPOLIS W-5 P-01 
4,,Don Samuels,76,31.67%,,Hennepin: MINNEAPOLIS W-5 P-01 
1,,Ilhan Omar,276,66.99%,,Hennepin: MINNEAPOLIS W-5 P-02 
2,,Nate Schluter,1,0.24%,,Hennepin: MINNEAPOLIS W-5 P-02 
3,,Abena A. McKenzie,3,0.73%,,Hennepin: MINNEAPOLIS W-5 P-02 
4,,Don Samuels,132,32.04%,,Hennepin: MINNEAPOLIS W-5 P-02 
1,,Ilhan Omar,162,64.29%,,Hennepin: MINNEAPOLIS W-5 P-03 
2,,Nate Schluter,1,0.40%,,Hennepin: MINNEAPOLIS W-5 P-03 
3,,Abena A. McKenzie,2,0.79%,,Hennepin: MINNEAPOLIS W-5 P-03 
4,,Don Samuels,87,34.52%,,Hennepin: MINNEAPOLIS W-5 P-03 
1,,Ilhan Omar,274,70.62%,,Hennepin: MINNEAPOLIS W-5 P-04 
2,,Nate Schluter,1,0.26%,,Hennepin: MINNEAPOLIS W-5 P-04 
3,,Abena A. McKenzie,3,0.77%,,Hennepin: MINNEAPOLIS W-5 P-04 
4,,Don Samuels,110,28.35%,,Hennepin: MINNEAPOLIS W-5 P-04 
1,,Ilhan Omar,208,65.41%,,Hennepin: MINNEAPOLIS W-5 P-05 
2,,Nate Schluter,3,0.94%,,Hennepin: MINNEAPOLIS W-5 P-05 
3,,Abena A. McKenzie,4,1.26%,,Hennepin: MINNEAPOLIS W-5 P-05 
4,,Don Samuels,103,32.39%,,Hennepin: MINNEAPOLIS W-5 P-05 
1,,Ilhan Omar,187,59.74%,,Hennepin: MINNEAPOLIS W-5 P-06 
2,,Nate Schluter,4,1.28%,,Hennepin: MINNEAPOLIS W-5 P-06 
3,,Abena A. McKenzie,2,0.64%,,Hennepin: MINNEAPOLIS W-5 P-06 
4,,Don Samuels,120,38.34%,,Hennepin: MINNEAPOLIS W-5 P-06 
1,,Ilhan Omar,179,81.36%,,Hennepin: MINNEAPOLIS W-5 P-07 
2,,Nate Schluter,0,0.00%,,Hennepin: MINNEAPOLIS W-5 P-07 
3,,Abena A. McKenzie,1,0.45%,,Hennepin: MINNEAPOLIS W-5 P-07 
4,,Don Samuels,40,18.18%,,Hennepin: MINNEAPOLIS W-5 P-07 
1,,Ilhan Omar,172,68.25%,,Hennepin: MINNEAPOLIS W-5 P-08 
2,,Nate Schluter,1,0.40%,,Hennepin: MINNEAPOLIS W-5 P-08 
3,,Abena A. McKenzie,6,2.38%,,Hennepin: MINNEAPOLIS W-5 P-08 
4,,Don Samuels,73,28.97%,,Hennepin: MINNEAPOLIS W-5 P-08 
1,,Ilhan Omar,151,72.60%,,Hennepin: MINNEAPOLIS W-5 P-09 
2,,Nate Schluter,2,0.96%,,Hennepin: MINNEAPOLIS W-5 P-09 
3,,Abena A. McKenzie,2,0.96%,,Hennepin: MINNEAPOLIS W-5 P-09 
4,,Don Samuels,53,25.48%,,Hennepin: MINNEAPOLIS W-5 P-09 
1,,Ilhan Omar,186,72.09%,,Hennepin: MINNEAPOLIS W-6 P-01 
2,,Nate Schluter,2,0.78%,,Hennepin: MINNEAPOLIS W-6 P-01 
3,,Abena A. McKenzie,3,1.16%,,Hennepin: MINNEAPOLIS W-6 P-01 
4,,Don Samuels,67,25.97%,,Hennepin: MINNEAPOLIS W-6 P-01 
1,,Ilhan Omar,361,66.36%,,Hennepin: MINNEAPOLIS W-6 P-02 
2,,Nate Schluter,3,0.55%,,Hennepin: MINNEAPOLIS W-6 P-02 
3,,Abena A. McKenzie,4,0.74%,,Hennepin: MINNEAPOLIS W-6 P-02 
4,,Don Samuels,176,32.35%,,Hennepin: MINNEAPOLIS W-6 P-02 
1,,Ilhan Omar,923,95.55%,,Hennepin: MINNEAPOLIS W-6 P-03 
2,,Nate Schluter,2,0.21%,,Hennepin: MINNEAPOLIS W-6 P-03 
3,,Abena A. McKenzie,2,0.21%,,Hennepin: MINNEAPOLIS W-6 P-03 
4,,Don Samuels,39,4.04%,,Hennepin: MINNEAPOLIS W-6 P-03 
1,,Ilhan Omar,284,79.55%,,Hennepin: MINNEAPOLIS W-6 P-04 
2,,Nate Schluter,2,0.56%,,Hennepin: MINNEAPOLIS W-6 P-04 
3,,Abena A. McKenzie,1,0.28%,,Hennepin: MINNEAPOLIS W-6 P-04 
4,,Don Samuels,70,19.61%,,Hennepin: MINNEAPOLIS W-6 P-04 
1,,Ilhan Omar,216,81.20%,,Hennepin: MINNEAPOLIS W-6 P-05 
2,,Nate Schluter,1,0.38%,,Hennepin: MINNEAPOLIS W-6 P-05 
3,,Abena A. McKenzie,2,0.75%,,Hennepin: MINNEAPOLIS W-6 P-05 
4,,Don Samuels,47,17.67%,,Hennepin: MINNEAPOLIS W-6 P-05 
1,,Ilhan Omar,184,77.31%,,Hennepin: MINNEAPOLIS W-6 P-06 
2,,Nate Schluter,2,0.84%,,Hennepin: MINNEAPOLIS W-6 P-06 
3,,Abena A. McKenzie,0,0.00%,,Hennepin: MINNEAPOLIS W-6 P-06 
4,,Don Samuels,52,21.85%,,Hennepin: MINNEAPOLIS W-6 P-06 
1,,Ilhan Omar,362,86.60%,,Hennepin: MINNEAPOLIS W-6 P-07 
2,,Nate Schluter,0,0.00%,,Hennepin: MINNEAPOLIS W-6 P-07 
3,,Abena A. McKenzie,1,0.24%,,Hennepin: MINNEAPOLIS W-6 P-07 
4,,Don Samuels,55,13.16%,,Hennepin: MINNEAPOLIS W-6 P-07 
1,,Ilhan Omar,239,81.57%,,Hennepin: MINNEAPOLIS W-6 P-08 
2,,Nate Schluter,1,0.34%,,Hennepin: MINNEAPOLIS W-6 P-08 
3,,Abena A. McKenzie,1,0.34%,,Hennepin: MINNEAPOLIS W-6 P-08 
4,,Don Samuels,52,17.75%,,Hennepin: MINNEAPOLIS W-6 P-08 
1,,Ilhan Omar,556,88.54%,,Hennepin: MINNEAPOLIS W-6 P-09 
2,,Nate Schluter,1,0.16%,,Hennepin: MINNEAPOLIS W-6 P-09 
3,,Abena A. McKenzie,0,0.00%,,Hennepin: MINNEAPOLIS W-6 P-09 
4,,Don Samuels,71,11.31%,,Hennepin: MINNEAPOLIS W-6 P-09 
1,,Ilhan Omar,332,58.04%,,Hennepin: MINNEAPOLIS W-7 P-01 
2,,Nate Schluter,1,0.17%,,Hennepin: MINNEAPOLIS W-7 P-01 
3,,Abena A. McKenzie,3,0.52%,,Hennepin: MINNEAPOLIS W-7 P-01 
4,,Don Samuels,236,41.26%,,Hennepin: MINNEAPOLIS W-7 P-01 
1,,Ilhan Omar,220,24.89%,,Hennepin: MINNEAPOLIS W-7 P-02 
2,,Nate Schluter,1,0.11%,,Hennepin: MINNEAPOLIS W-7 P-02 
3,,Abena A. McKenzie,5,0.57%,,Hennepin: MINNEAPOLIS W-7 P-02 
4,,Don Samuels,658,74.43%,,Hennepin: MINNEAPOLIS W-7 P-02 
1,,Ilhan Omar,540,50.28%,,Hennepin: MINNEAPOLIS W-7 P-03 
2,,Nate Schluter,5,0.47%,,Hennepin: MINNEAPOLIS W-7 P-03 
3,,Abena A. McKenzie,1,0.09%,,Hennepin: MINNEAPOLIS W-7 P-03 
4,,Don Samuels,528,49.16%,,Hennepin: MINNEAPOLIS W-7 P-03 
1,,Ilhan Omar,429,38.30%,,Hennepin: MINNEAPOLIS W-7 P-04 
2,,Nate Schluter,3,0.27%,,Hennepin: MINNEAPOLIS W-7 P-04 
3,,Abena A. McKenzie,10,0.89%,,Hennepin: MINNEAPOLIS W-7 P-04 
4,,Don Samuels,678,60.54%,,Hennepin: MINNEAPOLIS W-7 P-04 
1,,Ilhan Omar,361,58.04%,,Hennepin: MINNEAPOLIS W-7 P-05 
2,,Nate Schluter,2,0.32%,,Hennepin: MINNEAPOLIS W-7 P-05 
3,,Abena A. McKenzie,1,0.16%,,Hennepin: MINNEAPOLIS W-7 P-05 
4,,Don Samuels,258,41.48%,,Hennepin: MINNEAPOLIS W-7 P-05 
1,,Ilhan Omar,218,67.49%,,Hennepin: MINNEAPOLIS W-7 P-06 
2,,Nate Schluter,2,0.62%,,Hennepin: MINNEAPOLIS W-7 P-06 
3,,Abena A. McKenzie,2,0.62%,,Hennepin: MINNEAPOLIS W-7 P-06 
4,,Don Samuels,101,31.27%,,Hennepin: MINNEAPOLIS W-7 P-06 
1,,Ilhan Omar,242,42.16%,,Hennepin: MINNEAPOLIS W-7 P-07 
2,,Nate Schluter,0,0.00%,,Hennepin: MINNEAPOLIS W-7 P-07 
3,,Abena A. McKenzie,3,0.52%,,Hennepin: MINNEAPOLIS W-7 P-07 
4,,Don Samuels,329,57.32%,,Hennepin: MINNEAPOLIS W-7 P-07 
1,,Ilhan Omar,728,57.10%,,Hennepin: MINNEAPOLIS W-7 P-08 
2,,Nate Schluter,5,0.39%,,Hennepin: MINNEAPOLIS W-7 P-08 
3,,Abena A. McKenzie,6,0.47%,,Hennepin: MINNEAPOLIS W-7 P-08 
4,,Don Samuels,536,42.04%,,Hennepin: MINNEAPOLIS W-7 P-08 
1,,Ilhan Omar,588,56.48%,,Hennepin: MINNEAPOLIS W-7 P-09 
2,,Nate Schluter,1,0.10%,,Hennepin: MINNEAPOLIS W-7 P-09 
3,,Abena A. McKenzie,2,0.19%,,Hennepin: MINNEAPOLIS W-7 P-09 
4,,Don Samuels,450,43.23%,,Hennepin: MINNEAPOLIS W-7 P-09 
1,,Ilhan Omar,147,75.00%,,Hennepin: MINNEAPOLIS W-7 P-10 
2,,Nate Schluter,1,0.51%,,Hennepin: MINNEAPOLIS W-7 P-10 
3,,Abena A. McKenzie,0,0.00%,,Hennepin: MINNEAPOLIS W-7 P-10 
4,,Don Samuels,48,24.49%,,Hennepin: MINNEAPOLIS W-7 P-10 
1,,Ilhan Omar,78,63.93%,,Hennepin: MINNEAPOLIS W-7 P-11 
2,,Nate Schluter,0,0.00%,,Hennepin: MINNEAPOLIS W-7 P-11 
3,,Abena A. McKenzie,2,1.64%,,Hennepin: MINNEAPOLIS W-7 P-11 
4,,Don Samuels,42,34.43%,,Hennepin: MINNEAPOLIS W-7 P-11 
1,,Ilhan Omar,256,61.69%,,Hennepin: MINNEAPOLIS W-7 P-12 
2,,Nate Schluter,2,0.48%,,Hennepin: MINNEAPOLIS W-7 P-12 
3,,Abena A. McKenzie,0,0.00%,,Hennepin: MINNEAPOLIS W-7 P-12 
4,,Don Samuels,157,37.83%,,Hennepin: MINNEAPOLIS W-7 P-12 
1,,Ilhan Omar,270,67.33%,,Hennepin: MINNEAPOLIS W-8 P-01 
2,,Nate Schluter,2,0.50%,,Hennepin: MINNEAPOLIS W-8 P-01 
3,,Abena A. McKenzie,1,0.25%,,Hennepin: MINNEAPOLIS W-8 P-01 
4,,Don Samuels,128,31.92%,,Hennepin: MINNEAPOLIS W-8 P-01 
1,,Ilhan Omar,738,78.68%,,Hennepin: MINNEAPOLIS W-8 P-02 
2,,Nate Schluter,2,0.21%,,Hennepin: MINNEAPOLIS W-8 P-02 
3,,Abena A. McKenzie,2,0.21%,,Hennepin: MINNEAPOLIS W-8 P-02 
4,,Don Samuels,196,20.90%,,Hennepin: MINNEAPOLIS W-8 P-02 
1,,Ilhan Omar,777,77.78%,,Hennepin: MINNEAPOLIS W-8 P-03 
2,,Nate Schluter,1,0.10%,,Hennepin: MINNEAPOLIS W-8 P-03 
3,,Abena A. McKenzie,2,0.20%,,Hennepin: MINNEAPOLIS W-8 P-03 
4,,Don Samuels,219,21.92%,,Hennepin: MINNEAPOLIS W-8 P-03 
1,,Ilhan Omar,964,70.73%,,Hennepin: MINNEAPOLIS W-8 P-04 
2,,Nate Schluter,4,0.29%,,Hennepin: MINNEAPOLIS W-8 P-04 
3,,Abena A. McKenzie,1,0.07%,,Hennepin: MINNEAPOLIS W-8 P-04 
4,,Don Samuels,394,28.91%,,Hennepin: MINNEAPOLIS W-8 P-04 
1,,Ilhan Omar,208,80.62%,,Hennepin: MINNEAPOLIS W-8 P-05 
2,,Nate Schluter,1,0.39%,,Hennepin: MINNEAPOLIS W-8 P-05 
3,,Abena A. McKenzie,1,0.39%,,Hennepin: MINNEAPOLIS W-8 P-05 
4,,Don Samuels,48,18.60%,,Hennepin: MINNEAPOLIS W-8 P-05 
1,,Ilhan Omar,176,80.73%,,Hennepin: MINNEAPOLIS W-8 P-06 
2,,Nate Schluter,1,0.46%,,Hennepin: MINNEAPOLIS W-8 P-06 
3,,Abena A. McKenzie,1,0.46%,,Hennepin: MINNEAPOLIS W-8 P-06 
4,,Don Samuels,40,18.35%,,Hennepin: MINNEAPOLIS W-8 P-06 
1,,Ilhan Omar,457,77.20%,,Hennepin: MINNEAPOLIS W-8 P-07 
2,,Nate Schluter,1,0.17%,,Hennepin: MINNEAPOLIS W-8 P-07 
3,,Abena A. McKenzie,0,0.00%,,Hennepin: MINNEAPOLIS W-8 P-07 
4,,Don Samuels,134,22.64%,,Hennepin: MINNEAPOLIS W-8 P-07 
1,,Ilhan Omar,472,70.66%,,Hennepin: MINNEAPOLIS W-8 P-08 
2,,Nate Schluter,0,0.00%,,Hennepin: MINNEAPOLIS W-8 P-08 
3,,Abena A. McKenzie,2,0.30%,,Hennepin: MINNEAPOLIS W-8 P-08 
4,,Don Samuels,194,29.04%,,Hennepin: MINNEAPOLIS W-8 P-08 
1,,Ilhan Omar,250,56.43%,,Hennepin: MINNEAPOLIS W-8 P-09 
2,,Nate Schluter,0,0.00%,,Hennepin: MINNEAPOLIS W-8 P-09 
3,,Abena A. McKenzie,0,0.00%,,Hennepin: MINNEAPOLIS W-8 P-09 
4,,Don Samuels,193,43.57%,,Hennepin: MINNEAPOLIS W-8 P-09 
1,,Ilhan Omar,414,78.71%,,Hennepin: MINNEAPOLIS W-8 P-10 
2,,Nate Schluter,1,0.19%,,Hennepin: MINNEAPOLIS W-8 P-10 
3,,Abena A. McKenzie,0,0.00%,,Hennepin: MINNEAPOLIS W-8 P-10 
4,,Don Samuels,111,21.10%,,Hennepin: MINNEAPOLIS W-8 P-10 
1,,Ilhan Omar,369,72.35%,,Hennepin: MINNEAPOLIS W-8 P-11 
2,,Nate Schluter,0,0.00%,,Hennepin: MINNEAPOLIS W-8 P-11 
3,,Abena A. McKenzie,2,0.39%,,Hennepin: MINNEAPOLIS W-8 P-11 
4,,Don Samuels,139,27.25%,,Hennepin: MINNEAPOLIS W-8 P-11 
1,,Ilhan Omar,140,83.33%,,Hennepin: MINNEAPOLIS W-9 P-01 
2,,Nate Schluter,0,0.00%,,Hennepin: MINNEAPOLIS W-9 P-01 
3,,Abena A. McKenzie,0,0.00%,,Hennepin: MINNEAPOLIS W-9 P-01 
4,,Don Samuels,28,16.67%,,Hennepin: MINNEAPOLIS W-9 P-01 
1,,Ilhan Omar,839,86.41%,,Hennepin: MINNEAPOLIS W-9 P-02 
2,,Nate Schluter,3,0.31%,,Hennepin: MINNEAPOLIS W-9 P-02 
3,,Abena A. McKenzie,1,0.10%,,Hennepin: MINNEAPOLIS W-9 P-02 
4,,Don Samuels,128,13.18%,,Hennepin: MINNEAPOLIS W-9 P-02 
1,,Ilhan Omar,324,79.41%,,Hennepin: MINNEAPOLIS W-9 P-03 
2,,Nate Schluter,1,0.25%,,Hennepin: MINNEAPOLIS W-9 P-03 
3,,Abena A. McKenzie,0,0.00%,,Hennepin: MINNEAPOLIS W-9 P-03 
4,,Don Samuels,83,20.34%,,Hennepin: MINNEAPOLIS W-9 P-03 
1,,Ilhan Omar,225,84.27%,,Hennepin: MINNEAPOLIS W-9 P-04 
2,,Nate Schluter,2,0.75%,,Hennepin: MINNEAPOLIS W-9 P-04 
3,,Abena A. McKenzie,1,0.37%,,Hennepin: MINNEAPOLIS W-9 P-04 
4,,Don Samuels,39,14.61%,,Hennepin: MINNEAPOLIS W-9 P-04 
1,,Ilhan Omar,299,86.92%,,Hennepin: MINNEAPOLIS W-9 P-05 
2,,Nate Schluter,0,0.00%,,Hennepin: MINNEAPOLIS W-9 P-05 
3,,Abena A. McKenzie,1,0.29%,,Hennepin: MINNEAPOLIS W-9 P-05 
4,,Don Samuels,44,12.79%,,Hennepin: MINNEAPOLIS W-9 P-05 
1,,Ilhan Omar,662,79.19%,,Hennepin: MINNEAPOLIS W-9 P-06 
2,,Nate Schluter,3,0.36%,,Hennepin: MINNEAPOLIS W-9 P-06 
3,,Abena A. McKenzie,1,0.12%,,Hennepin: MINNEAPOLIS W-9 P-06 
4,,Don Samuels,170,20.33%,,Hennepin: MINNEAPOLIS W-9 P-06 
1,,Ilhan Omar,395,77.76%,,Hennepin: MINNEAPOLIS W-9 P-07 
2,,Nate Schluter,0,0.00%,,Hennepin: MINNEAPOLIS W-9 P-07 
3,,Abena A. McKenzie,1,0.20%,,Hennepin: MINNEAPOLIS W-9 P-07 
4,,Don Samuels,112,22.05%,,Hennepin: MINNEAPOLIS W-9 P-07 
1,,Ilhan Omar,458,84.35%,,Hennepin: MINNEAPOLIS W-9 P-08 
2,,Nate Schluter,0,0.00%,,Hennepin: MINNEAPOLIS W-9 P-08 
3,,Abena A. McKenzie,2,0.37%,,Hennepin: MINNEAPOLIS W-9 P-08 
4,,Don Samuels,83,15.29%,,Hennepin: MINNEAPOLIS W-9 P-08 
1,,Ilhan Omar,531,73.85%,,Hennepin: MINNEAPOLIS W-9 P-09 
2,,Nate Schluter,0,0.00%,,Hennepin: MINNEAPOLIS W-9 P-09 
3,,Abena A. McKenzie,5,0.70%,,Hennepin: MINNEAPOLIS W-9 P-09 
4,,Don Samuels,183,25.45%,,Hennepin: MINNEAPOLIS W-9 P-09 
1,,Ilhan Omar,944,77.06%,,Hennepin: MINNEAPOLIS W-10 P-01 
2,,Nate Schluter,9,0.73%,,Hennepin: MINNEAPOLIS W-10 P-01 
3,,Abena A. McKenzie,1,0.08%,,Hennepin: MINNEAPOLIS W-10 P-01 
4,,Don Samuels,271,22.12%,,Hennepin: MINNEAPOLIS W-10 P-01 
1,,Ilhan Omar,329,79.09%,,Hennepin: MINNEAPOLIS W-10 P-02 
2,,Nate Schluter,0,0.00%,,Hennepin: MINNEAPOLIS W-10 P-02 
3,,Abena A. McKenzie,2,0.48%,,Hennepin: MINNEAPOLIS W-10 P-02 
4,,Don Samuels,85,20.43%,,Hennepin: MINNEAPOLIS W-10 P-02 
1,,Ilhan Omar,478,53.53%,,Hennepin: MINNEAPOLIS W-10 P-03 
2,,Nate Schluter,2,0.22%,,Hennepin: MINNEAPOLIS W-10 P-03 
3,,Abena A. McKenzie,1,0.11%,,Hennepin: MINNEAPOLIS W-10 P-03 
4,,Don Samuels,412,46.14%,,Hennepin: MINNEAPOLIS W-10 P-03 
1,,Ilhan Omar,452,72.32%,,Hennepin: MINNEAPOLIS W-10 P-04 
2,,Nate Schluter,3,0.48%,,Hennepin: MINNEAPOLIS W-10 P-04 
3,,Abena A. McKenzie,1,0.16%,,Hennepin: MINNEAPOLIS W-10 P-04 
4,,Don Samuels,169,27.04%,,Hennepin: MINNEAPOLIS W-10 P-04 
1,,Ilhan Omar,569,73.42%,,Hennepin: MINNEAPOLIS W-10 P-05 
2,,Nate Schluter,4,0.52%,,Hennepin: MINNEAPOLIS W-10 P-05 
3,,Abena A. McKenzie,3,0.39%,,Hennepin: MINNEAPOLIS W-10 P-05 
4,,Don Samuels,199,25.68%,,Hennepin: MINNEAPOLIS W-10 P-05 
1,,Ilhan Omar,513,84.38%,,Hennepin: MINNEAPOLIS W-10 P-06 
2,,Nate Schluter,0,0.00%,,Hennepin: MINNEAPOLIS W-10 P-06 
3,,Abena A. McKenzie,4,0.66%,,Hennepin: MINNEAPOLIS W-10 P-06 
4,,Don Samuels,91,14.97%,,Hennepin: MINNEAPOLIS W-10 P-06 
1,,Ilhan Omar,295,73.38%,,Hennepin: MINNEAPOLIS W-10 P-07 
2,,Nate Schluter,1,0.25%,,Hennepin: MINNEAPOLIS W-10 P-07 
3,,Abena A. McKenzie,1,0.25%,,Hennepin: MINNEAPOLIS W-10 P-07 
4,,Don Samuels,105,26.12%,,Hennepin: MINNEAPOLIS W-10 P-07 
1,,Ilhan Omar,224,81.45%,,Hennepin: MINNEAPOLIS W-10 P-08 
2,,Nate Schluter,2,0.73%,,Hennepin: MINNEAPOLIS W-10 P-08 
3,,Abena A. McKenzie,1,0.36%,,Hennepin: MINNEAPOLIS W-10 P-08 
4,,Don Samuels,48,17.45%,,Hennepin: MINNEAPOLIS W-10 P-08 
1,,Ilhan Omar,437,84.69%,,Hennepin: MINNEAPOLIS W-10 P-09 
2,,Nate Schluter,1,0.19%,,Hennepin: MINNEAPOLIS W-10 P-09 
3,,Abena A. McKenzie,2,0.39%,,Hennepin: MINNEAPOLIS W-10 P-09 
4,,Don Samuels,76,14.73%,,Hennepin: MINNEAPOLIS W-10 P-09 
1,,Ilhan Omar,396,52.59%,,Hennepin: MINNEAPOLIS W-11 P-01 
2,,Nate Schluter,2,0.27%,,Hennepin: MINNEAPOLIS W-11 P-01 
3,,Abena A. McKenzie,0,0.00%,,Hennepin: MINNEAPOLIS W-11 P-01 
4,,Don Samuels,355,47.14%,,Hennepin: MINNEAPOLIS W-11 P-01 
1,,Ilhan Omar,444,47.95%,,Hennepin: MINNEAPOLIS W-11 P-02 
2,,Nate Schluter,10,1.08%,,Hennepin: MINNEAPOLIS W-11 P-02 
3,,Abena A. McKenzie,8,0.86%,,Hennepin: MINNEAPOLIS W-11 P-02 
4,,Don Samuels,464,50.11%,,Hennepin: MINNEAPOLIS W-11 P-02 
1,,Ilhan Omar,360,62.28%,,Hennepin: MINNEAPOLIS W-11 P-03 
2,,Nate Schluter,0,0.00%,,Hennepin: MINNEAPOLIS W-11 P-03 
3,,Abena A. McKenzie,1,0.17%,,Hennepin: MINNEAPOLIS W-11 P-03 
4,,Don Samuels,217,37.54%,,Hennepin: MINNEAPOLIS W-11 P-03 
1,,Ilhan Omar,322,49.46%,,Hennepin: MINNEAPOLIS W-11 P-04 
2,,Nate Schluter,2,0.31%,,Hennepin: MINNEAPOLIS W-11 P-04 
3,,Abena A. McKenzie,0,0.00%,,Hennepin: MINNEAPOLIS W-11 P-04 
4,,Don Samuels,327,50.23%,,Hennepin: MINNEAPOLIS W-11 P-04 
1,,Ilhan Omar,284,50.18%,,Hennepin: MINNEAPOLIS W-11 P-05 
2,,Nate Schluter,1,0.18%,,Hennepin: MINNEAPOLIS W-11 P-05 
3,,Abena A. McKenzie,1,0.18%,,Hennepin: MINNEAPOLIS W-11 P-05 
4,,Don Samuels,280,49.47%,,Hennepin: MINNEAPOLIS W-11 P-05 
1,,Ilhan Omar,393,67.41%,,Hennepin: MINNEAPOLIS W-11 P-06 
2,,Nate Schluter,1,0.17%,,Hennepin: MINNEAPOLIS W-11 P-06 
3,,Abena A. McKenzie,0,0.00%,,Hennepin: MINNEAPOLIS W-11 P-06 
4,,Don Samuels,189,32.42%,,Hennepin: MINNEAPOLIS W-11 P-06 
1,,Ilhan Omar,412,56.91%,,Hennepin: MINNEAPOLIS W-11 P-07 
2,,Nate Schluter,0,0.00%,,Hennepin: MINNEAPOLIS W-11 P-07 
3,,Abena A. McKenzie,0,0.00%,,Hennepin: MINNEAPOLIS W-11 P-07 
4,,Don Samuels,312,43.09%,,Hennepin: MINNEAPOLIS W-11 P-07 
1,,Ilhan Omar,582,55.01%,,Hennepin: MINNEAPOLIS W-11 P-08 
2,,Nate Schluter,2,0.19%,,Hennepin: MINNEAPOLIS W-11 P-08 
3,,Abena A. McKenzie,1,0.09%,,Hennepin: MINNEAPOLIS W-11 P-08 
4,,Don Samuels,473,44.71%,,Hennepin: MINNEAPOLIS W-11 P-08 
1,,Ilhan Omar,329,49.70%,,Hennepin: MINNEAPOLIS W-11 P-09 
2,,Nate Schluter,1,0.15%,,Hennepin: MINNEAPOLIS W-11 P-09 
3,,Abena A. McKenzie,2,0.30%,,Hennepin: MINNEAPOLIS W-11 P-09 
4,,Don Samuels,330,49.85%,,Hennepin: MINNEAPOLIS W-11 P-09 
1,,Ilhan Omar,308,56.51%,,Hennepin: MINNEAPOLIS W-11 P-10 
2,,Nate Schluter,0,0.00%,,Hennepin: MINNEAPOLIS W-11 P-10 
3,,Abena A. McKenzie,5,0.92%,,Hennepin: MINNEAPOLIS W-11 P-10 
4,,Don Samuels,232,42.57%,,Hennepin: MINNEAPOLIS W-11 P-10 
1,,Ilhan Omar,226,57.80%,,Hennepin: MINNEAPOLIS W-11 P-11 
2,,Nate Schluter,1,0.26%,,Hennepin: MINNEAPOLIS W-11 P-11 
3,,Abena A. McKenzie,5,1.28%,,Hennepin: MINNEAPOLIS W-11 P-11 
4,,Don Samuels,159,40.67%,,Hennepin: MINNEAPOLIS W-11 P-11 
1,,Ilhan Omar,296,59.20%,,Hennepin: MINNEAPOLIS W-11 P-12 
2,,Nate Schluter,5,1.00%,,Hennepin: MINNEAPOLIS W-11 P-12 
3,,Abena A. McKenzie,2,0.40%,,Hennepin: MINNEAPOLIS W-11 P-12 
4,,Don Samuels,197,39.40%,,Hennepin: MINNEAPOLIS W-11 P-12 
1,,Ilhan Omar,840,66.77%,,Hennepin: MINNEAPOLIS W-12 P-01 
2,,Nate Schluter,3,0.24%,,Hennepin: MINNEAPOLIS W-12 P-01 
3,,Abena A. McKenzie,5,0.40%,,Hennepin: MINNEAPOLIS W-12 P-01 
4,,Don Samuels,410,32.59%,,Hennepin: MINNEAPOLIS W-12 P-01 
1,,Ilhan Omar,688,68.94%,,Hennepin: MINNEAPOLIS W-12 P-02 
2,,Nate Schluter,3,0.30%,,Hennepin: MINNEAPOLIS W-12 P-02 
3,,Abena A. McKenzie,0,0.00%,,Hennepin: MINNEAPOLIS W-12 P-02 
4,,Don Samuels,307,30.76%,,Hennepin: MINNEAPOLIS W-12 P-02 
1,,Ilhan Omar,467,72.29%,,Hennepin: MINNEAPOLIS W-12 P-03 
2,,Nate Schluter,2,0.31%,,Hennepin: MINNEAPOLIS W-12 P-03 
3,,Abena A. McKenzie,1,0.15%,,Hennepin: MINNEAPOLIS W-12 P-03 
4,,Don Samuels,176,27.24%,,Hennepin: MINNEAPOLIS W-12 P-03 
1,,Ilhan Omar,729,73.71%,,Hennepin: MINNEAPOLIS W-12 P-04 
2,,Nate Schluter,10,1.01%,,Hennepin: MINNEAPOLIS W-12 P-04 
3,,Abena A. McKenzie,6,0.61%,,Hennepin: MINNEAPOLIS W-12 P-04 
4,,Don Samuels,244,24.67%,,Hennepin: MINNEAPOLIS W-12 P-04 
1,,Ilhan Omar,359,71.80%,,Hennepin: MINNEAPOLIS W-12 P-05 
2,,Nate Schluter,2,0.40%,,Hennepin: MINNEAPOLIS W-12 P-05 
3,,Abena A. McKenzie,0,0.00%,,Hennepin: MINNEAPOLIS W-12 P-05 
4,,Don Samuels,139,27.80%,,Hennepin: MINNEAPOLIS W-12 P-05 
1,,Ilhan Omar,601,64.76%,,Hennepin: MINNEAPOLIS W-12 P-06 
2,,Nate Schluter,0,0.00%,,Hennepin: MINNEAPOLIS W-12 P-06 
3,,Abena A. McKenzie,4,0.43%,,Hennepin: MINNEAPOLIS W-12 P-06 
4,,Don Samuels,323,34.81%,,Hennepin: MINNEAPOLIS W-12 P-06 
1,,Ilhan Omar,746,63.27%,,Hennepin: MINNEAPOLIS W-12 P-07 
2,,Nate Schluter,5,0.42%,,Hennepin: MINNEAPOLIS W-12 P-07 
3,,Abena A. McKenzie,1,0.08%,,Hennepin: MINNEAPOLIS W-12 P-07 
4,,Don Samuels,427,36.22%,,Hennepin: MINNEAPOLIS W-12 P-07 
1,,Ilhan Omar,512,64.48%,,Hennepin: MINNEAPOLIS W-12 P-08 
2,,Nate Schluter,1,0.13%,,Hennepin: MINNEAPOLIS W-12 P-08 
3,,Abena A. McKenzie,3,0.38%,,Hennepin: MINNEAPOLIS W-12 P-08 
4,,Don Samuels,278,35.01%,,Hennepin: MINNEAPOLIS W-12 P-08 
1,,Ilhan Omar,388,61.78%,,Hennepin: MINNEAPOLIS W-12 P-09 
2,,Nate Schluter,3,0.48%,,Hennepin: MINNEAPOLIS W-12 P-09 
3,,Abena A. McKenzie,3,0.48%,,Hennepin: MINNEAPOLIS W-12 P-09 
4,,Don Samuels,234,37.26%,,Hennepin: MINNEAPOLIS W-12 P-09 
1,,Ilhan Omar,554,59.83%,,Hennepin: MINNEAPOLIS W-12 P-10 
2,,Nate Schluter,9,0.97%,,Hennepin: MINNEAPOLIS W-12 P-10 
3,,Abena A. McKenzie,4,0.43%,,Hennepin: MINNEAPOLIS W-12 P-10 
4,,Don Samuels,359,38.77%,,Hennepin: MINNEAPOLIS W-12 P-10 
1,,Ilhan Omar,531,67.56%,,Hennepin: MINNEAPOLIS W-12 P-11 
2,,Nate Schluter,5,0.64%,,Hennepin: MINNEAPOLIS W-12 P-11 
3,,Abena A. McKenzie,2,0.25%,,Hennepin: MINNEAPOLIS W-12 P-11 
4,,Don Samuels,248,31.55%,,Hennepin: MINNEAPOLIS W-12 P-11 
1,,Ilhan Omar,142,58.68%,,Hennepin: MINNEAPOLIS W-12 P-12 
2,,Nate Schluter,0,0.00%,,Hennepin: MINNEAPOLIS W-12 P-12 
3,,Abena A. McKenzie,0,0.00%,,Hennepin: MINNEAPOLIS W-12 P-12 
4,,Don Samuels,100,41.32%,,Hennepin: MINNEAPOLIS W-12 P-12 
1,,Ilhan Omar,371,40.24%,,Hennepin: MINNEAPOLIS W-13 P-01 
2,,Nate Schluter,3,0.33%,,Hennepin: MINNEAPOLIS W-13 P-01 
3,,Abena A. McKenzie,0,0.00%,,Hennepin: MINNEAPOLIS W-13 P-01 
4,,Don Samuels,548,59.44%,,Hennepin: MINNEAPOLIS W-13 P-01 
1,,Ilhan Omar,258,36.19%,,Hennepin: MINNEAPOLIS W-13 P-02 
2,,Nate Schluter,0,0.00%,,Hennepin: MINNEAPOLIS W-13 P-02 
3,,Abena A. McKenzie,0,0.00%,,Hennepin: MINNEAPOLIS W-13 P-02 
4,,Don Samuels,455,63.81%,,Hennepin: MINNEAPOLIS W-13 P-02 
1,,Ilhan Omar,369,49.66%,,Hennepin: MINNEAPOLIS W-13 P-03 
2,,Nate Schluter,1,0.13%,,Hennepin: MINNEAPOLIS W-13 P-03 
3,,Abena A. McKenzie,1,0.13%,,Hennepin: MINNEAPOLIS W-13 P-03 
4,,Don Samuels,372,50.07%,,Hennepin: MINNEAPOLIS W-13 P-03 
1,,Ilhan Omar,311,38.73%,,Hennepin: MINNEAPOLIS W-13 P-04 
2,,Nate Schluter,4,0.50%,,Hennepin: MINNEAPOLIS W-13 P-04 
3,,Abena A. McKenzie,0,0.00%,,Hennepin: MINNEAPOLIS W-13 P-04 
4,,Don Samuels,488,60.77%,,Hennepin: MINNEAPOLIS W-13 P-04 
1,,Ilhan Omar,255,34.74%,,Hennepin: MINNEAPOLIS W-13 P-05 
2,,Nate Schluter,2,0.27%,,Hennepin: MINNEAPOLIS W-13 P-05 
3,,Abena A. McKenzie,0,0.00%,,Hennepin: MINNEAPOLIS W-13 P-05 
4,,Don Samuels,477,64.99%,,Hennepin: MINNEAPOLIS W-13 P-05 
1,,Ilhan Omar,224,42.91%,,Hennepin: MINNEAPOLIS W-13 P-06 
2,,Nate Schluter,0,0.00%,,Hennepin: MINNEAPOLIS W-13 P-06 
3,,Abena A. McKenzie,1,0.19%,,Hennepin: MINNEAPOLIS W-13 P-06 
4,,Don Samuels,297,56.90%,,Hennepin: MINNEAPOLIS W-13 P-06 
1,,Ilhan Omar,475,51.13%,,Hennepin: MINNEAPOLIS W-13 P-07 
2,,Nate Schluter,1,0.11%,,Hennepin: MINNEAPOLIS W-13 P-07 
3,,Abena A. McKenzie,0,0.00%,,Hennepin: MINNEAPOLIS W-13 P-07 
4,,Don Samuels,453,48.76%,,Hennepin: MINNEAPOLIS W-13 P-07 
1,,Ilhan Omar,389,54.71%,,Hennepin: MINNEAPOLIS W-13 P-08 
2,,Nate Schluter,2,0.28%,,Hennepin: MINNEAPOLIS W-13 P-08 
3,,Abena A. McKenzie,2,0.28%,,Hennepin: MINNEAPOLIS W-13 P-08 
4,,Don Samuels,318,44.73%,,Hennepin: MINNEAPOLIS W-13 P-08 
1,,Ilhan Omar,390,52.99%,,Hennepin: MINNEAPOLIS W-13 P-09 
2,,Nate Schluter,2,0.27%,,Hennepin: MINNEAPOLIS W-13 P-09 
3,,Abena A. McKenzie,3,0.41%,,Hennepin: MINNEAPOLIS W-13 P-09 
4,,Don Samuels,341,46.33%,,Hennepin: MINNEAPOLIS W-13 P-09 
1,,Ilhan Omar,389,36.80%,,Hennepin: MINNEAPOLIS W-13 P-10 
2,,Nate Schluter,0,0.00%,,Hennepin: MINNEAPOLIS W-13 P-10 
3,,Abena A. McKenzie,1,0.09%,,Hennepin: MINNEAPOLIS W-13 P-10 
4,,Don Samuels,667,63.10%,,Hennepin: MINNEAPOLIS W-13 P-10 
1,,Ilhan Omar,516,38.42%,,Hennepin: MINNEAPOLIS W-13 P-11 
2,,Nate Schluter,2,0.15%,,Hennepin: MINNEAPOLIS W-13 P-11 
3,,Abena A. McKenzie,1,0.07%,,Hennepin: MINNEAPOLIS W-13 P-11 
4,,Don Samuels,824,61.36%,,Hennepin: MINNEAPOLIS W-13 P-11 
1,,Ilhan Omar,243,45.42%,,Hennepin: MINNEAPOLIS W-13 P-12 
2,,Nate Schluter,1,0.19%,,Hennepin: MINNEAPOLIS W-13 P-12 
3,,Abena A. McKenzie,0,0.00%,,Hennepin: MINNEAPOLIS W-13 P-12 
4,,Don Samuels,291,54.39%,,Hennepin: MINNEAPOLIS W-13 P-12 
1,,Ilhan Omar,361,58.89%,,Hennepin: MINNEAPOLIS W-13 P-13 
2,,Nate Schluter,7,1.14%,,Hennepin: MINNEAPOLIS W-13 P-13 
3,,Abena A. McKenzie,7,1.14%,,Hennepin: MINNEAPOLIS W-13 P-13 
4,,Don Samuels,238,38.83%,,Hennepin: MINNEAPOLIS W-13 P-13 
1,,Ilhan Omar,139,45.87%,,Hennepin: NEW HOPE P-01 
2,,Nate Schluter,2,0.66%,,Hennepin: NEW HOPE P-01 
3,,Abena A. McKenzie,3,0.99%,,Hennepin: NEW HOPE P-01 
4,,Don Samuels,159,52.48%,,Hennepin: NEW HOPE P-01 
1,,Ilhan Omar,111,37.25%,,Hennepin: NEW HOPE P-02 
2,,Nate Schluter,1,0.34%,,Hennepin: NEW HOPE P-02 
3,,Abena A. McKenzie,1,0.34%,,Hennepin: NEW HOPE P-02 
4,,Don Samuels,185,62.08%,,Hennepin: NEW HOPE P-02 
1,,Ilhan Omar,159,35.89%,,Hennepin: NEW HOPE P-03 
2,,Nate Schluter,5,1.13%,,Hennepin: NEW HOPE P-03 
3,,Abena A. McKenzie,2,0.45%,,Hennepin: NEW HOPE P-03 
4,,Don Samuels,277,62.53%,,Hennepin: NEW HOPE P-03 
1,,Ilhan Omar,149,43.06%,,Hennepin: NEW HOPE P-04 
2,,Nate Schluter,3,0.87%,,Hennepin: NEW HOPE P-04 
3,,Abena A. McKenzie,3,0.87%,,Hennepin: NEW HOPE P-04 
4,,Don Samuels,191,55.20%,,Hennepin: NEW HOPE P-04 
1,,Ilhan Omar,97,53.89%,,Hennepin: NEW HOPE P-05 
2,,Nate Schluter,2,1.11%,,Hennepin: NEW HOPE P-05 
3,,Abena A. McKenzie,3,1.67%,,Hennepin: NEW HOPE P-05 
4,,Don Samuels,78,43.33%,,Hennepin: NEW HOPE P-05 
1,,Ilhan Omar,35,62.50%,,Hennepin: NEW HOPE P-06 
2,,Nate Schluter,1,1.79%,,Hennepin: NEW HOPE P-06 
3,,Abena A. McKenzie,0,0.00%,,Hennepin: NEW HOPE P-06 
4,,Don Samuels,20,35.71%,,Hennepin: NEW HOPE P-06 
1,,Ilhan Omar,174,40.28%,,Hennepin: NEW HOPE P-07 
2,,Nate Schluter,7,1.62%,,Hennepin: NEW HOPE P-07 
3,,Abena A. McKenzie,6,1.39%,,Hennepin: NEW HOPE P-07 
4,,Don Samuels,245,56.71%,,Hennepin: NEW HOPE P-07 
1,,Ilhan Omar,105,48.39%,,Hennepin: NEW HOPE P-08 
2,,Nate Schluter,0,0.00%,,Hennepin: NEW HOPE P-08 
3,,Abena A. McKenzie,0,0.00%,,Hennepin: NEW HOPE P-08 
4,,Don Samuels,112,51.61%,,Hennepin: NEW HOPE P-08 
1,,Ilhan Omar,322,47.85%,,Hennepin: RICHFIELD W-1 P-01 
2,,Nate Schluter,6,0.89%,,Hennepin: RICHFIELD W-1 P-01 
3,,Abena A. McKenzie,5,0.74%,,Hennepin: RICHFIELD W-1 P-01 
4,,Don Samuels,340,50.52%,,Hennepin: RICHFIELD W-1 P-01 
1,,Ilhan Omar,220,50.00%,,Hennepin: RICHFIELD W-1 P-02 
2,,Nate Schluter,0,0.00%,,Hennepin: RICHFIELD W-1 P-02 
3,,Abena A. McKenzie,3,0.68%,,Hennepin: RICHFIELD W-1 P-02 
4,,Don Samuels,217,49.32%,,Hennepin: RICHFIELD W-1 P-02 
1,,Ilhan Omar,377,51.93%,,Hennepin: RICHFIELD W-1 P-03 
2,,Nate Schluter,11,1.52%,,Hennepin: RICHFIELD W-1 P-03 
3,,Abena A. McKenzie,3,0.41%,,Hennepin: RICHFIELD W-1 P-03 
4,,Don Samuels,335,46.14%,,Hennepin: RICHFIELD W-1 P-03 
1,,Ilhan Omar,287,48.40%,,Hennepin: RICHFIELD W-2 P-04 
2,,Nate Schluter,1,0.17%,,Hennepin: RICHFIELD W-2 P-04 
3,,Abena A. McKenzie,0,0.00%,,Hennepin: RICHFIELD W-2 P-04 
4,,Don Samuels,305,51.43%,,Hennepin: RICHFIELD W-2 P-04 
1,,Ilhan Omar,332,49.19%,,Hennepin: RICHFIELD W-2 P-05 
2,,Nate Schluter,2,0.30%,,Hennepin: RICHFIELD W-2 P-05 
3,,Abena A. McKenzie,4,0.59%,,Hennepin: RICHFIELD W-2 P-05 
4,,Don Samuels,337,49.93%,,Hennepin: RICHFIELD W-2 P-05 
1,,Ilhan Omar,245,48.23%,,Hennepin: RICHFIELD W-2 P-06 
2,,Nate Schluter,4,0.79%,,Hennepin: RICHFIELD W-2 P-06 
3,,Abena A. McKenzie,1,0.20%,,Hennepin: RICHFIELD W-2 P-06 
4,,Don Samuels,258,50.79%,,Hennepin: RICHFIELD W-2 P-06 
1,,Ilhan Omar,226,47.48%,,Hennepin: RICHFIELD W-3 P-07 
2,,Nate Schluter,5,1.05%,,Hennepin: RICHFIELD W-3 P-07 
3,,Abena A. McKenzie,0,0.00%,,Hennepin: RICHFIELD W-3 P-07 
4,,Don Samuels,245,51.47%,,Hennepin: RICHFIELD W-3 P-07 
1,,Ilhan Omar,202,47.75%,,Hennepin: RICHFIELD W-3 P-08 
2,,Nate Schluter,3,0.71%,,Hennepin: RICHFIELD W-3 P-08 
3,,Abena A. McKenzie,3,0.71%,,Hennepin: RICHFIELD W-3 P-08 
4,,Don Samuels,215,50.83%,,Hennepin: RICHFIELD W-3 P-08 
1,,Ilhan Omar,171,54.11%,,Hennepin: RICHFIELD W-3 P-09 
2,,Nate Schluter,2,0.63%,,Hennepin: RICHFIELD W-3 P-09 
3,,Abena A. McKenzie,2,0.63%,,Hennepin: RICHFIELD W-3 P-09 
4,,Don Samuels,141,44.62%,,Hennepin: RICHFIELD W-3 P-09 
1,,Ilhan Omar,242,49.29%,,Hennepin: ROBBINSDALE W-1 
2,,Nate Schluter,3,0.61%,,Hennepin: ROBBINSDALE W-1 
3,,Abena A. McKenzie,3,0.61%,,Hennepin: ROBBINSDALE W-1 
4,,Don Samuels,243,49.49%,,Hennepin: ROBBINSDALE W-1 
1,,Ilhan Omar,476,49.58%,,Hennepin: ROBBINSDALE W-2 
2,,Nate Schluter,9,0.94%,,Hennepin: ROBBINSDALE W-2 
3,,Abena A. McKenzie,5,0.52%,,Hennepin: ROBBINSDALE W-2 
4,,Don Samuels,470,48.96%,,Hennepin: ROBBINSDALE W-2 
1,,Ilhan Omar,259,54.64%,,Hennepin: ROBBINSDALE W-3 
2,,Nate Schluter,6,1.27%,,Hennepin: ROBBINSDALE W-3 
3,,Abena A. McKenzie,2,0.42%,,Hennepin: ROBBINSDALE W-3 
4,,Don Samuels,207,43.67%,,Hennepin: ROBBINSDALE W-3 
1,,Ilhan Omar,378,58.60%,,Hennepin: ROBBINSDALE W-4 
2,,Nate Schluter,7,1.09%,,Hennepin: ROBBINSDALE W-4 
3,,Abena A. McKenzie,4,0.62%,,Hennepin: ROBBINSDALE W-4 
4,,Don Samuels,256,39.69%,,Hennepin: ROBBINSDALE W-4 
1,,Ilhan Omar,305,46.28%,,Hennepin: ST ANTHONY P-01 
2,,Nate Schluter,4,0.61%,,Hennepin: ST ANTHONY P-01 
3,,Abena A. McKenzie,0,0.00%,,Hennepin: ST ANTHONY P-01 
4,,Don Samuels,350,53.11%,,Hennepin: ST ANTHONY P-01 
1,,Ilhan Omar,480,45.58%,,Hennepin: ST ANTHONY P-02 
2,,Nate Schluter,12,1.14%,,Hennepin: ST ANTHONY P-02 
3,,Abena A. McKenzie,3,0.28%,,Hennepin: ST ANTHONY P-02 
4,,Don Samuels,558,52.99%,,Hennepin: ST ANTHONY P-02 
1,,Ilhan Omar,321,20.90%,,Hennepin: ST LOUIS PARK W-1 P-01 
2,,Nate Schluter,3,0.20%,,Hennepin: ST LOUIS PARK W-1 P-01 
3,,Abena A. McKenzie,6,0.39%,,Hennepin: ST LOUIS PARK W-1 P-01 
4,,Don Samuels,1206,78.52%,,Hennepin: ST LOUIS PARK W-1 P-01 
1,,Ilhan Omar,395,43.03%,,Hennepin: ST LOUIS PARK W-1 P-02 
2,,Nate Schluter,4,0.44%,,Hennepin: ST LOUIS PARK W-1 P-02 
3,,Abena A. McKenzie,1,0.11%,,Hennepin: ST LOUIS PARK W-1 P-02 
4,,Don Samuels,518,56.43%,,Hennepin: ST LOUIS PARK W-1 P-02 
1,,Ilhan Omar,286,51.07%,,Hennepin: ST LOUIS PARK W-1 P-03 
2,,Nate Schluter,4,0.71%,,Hennepin: ST LOUIS PARK W-1 P-03 
3,,Abena A. McKenzie,0,0.00%,,Hennepin: ST LOUIS PARK W-1 P-03 
4,,Don Samuels,270,48.21%,,Hennepin: ST LOUIS PARK W-1 P-03 
1,,Ilhan Omar,502,43.13%,,Hennepin: ST LOUIS PARK W-2 P-04 
2,,Nate Schluter,2,0.17%,,Hennepin: ST LOUIS PARK W-2 P-04 
3,,Abena A. McKenzie,9,0.77%,,Hennepin: ST LOUIS PARK W-2 P-04 
4,,Don Samuels,651,55.93%,,Hennepin: ST LOUIS PARK W-2 P-04 
1,,Ilhan Omar,335,35.30%,,Hennepin: ST LOUIS PARK W-2 P-05 
2,,Nate Schluter,5,0.53%,,Hennepin: ST LOUIS PARK W-2 P-05 
3,,Abena A. McKenzie,1,0.11%,,Hennepin: ST LOUIS PARK W-2 P-05 
4,,Don Samuels,608,64.07%,,Hennepin: ST LOUIS PARK W-2 P-05 
1,,Ilhan Omar,355,53.95%,,Hennepin: ST LOUIS PARK W-2 P-06 
2,,Nate Schluter,2,0.30%,,Hennepin: ST LOUIS PARK W-2 P-06 
3,,Abena A. McKenzie,1,0.15%,,Hennepin: ST LOUIS PARK W-2 P-06 
4,,Don Samuels,300,45.59%,,Hennepin: ST LOUIS PARK W-2 P-06 
1,,Ilhan Omar,372,51.38%,,Hennepin: ST LOUIS PARK W-3 P-07 
2,,Nate Schluter,1,0.14%,,Hennepin: ST LOUIS PARK W-3 P-07 
3,,Abena A. McKenzie,2,0.28%,,Hennepin: ST LOUIS PARK W-3 P-07 
4,,Don Samuels,349,48.20%,,Hennepin: ST LOUIS PARK W-3 P-07 
1,,Ilhan Omar,262,43.96%,,Hennepin: ST LOUIS PARK W-3 P-08 
2,,Nate Schluter,6,1.01%,,Hennepin: ST LOUIS PARK W-3 P-08 
3,,Abena A. McKenzie,1,0.17%,,Hennepin: ST LOUIS PARK W-3 P-08 
4,,Don Samuels,327,54.87%,,Hennepin: ST LOUIS PARK W-3 P-08 
1,,Ilhan Omar,284,41.76%,,Hennepin: ST LOUIS PARK W-3 P-09 
2,,Nate Schluter,9,1.32%,,Hennepin: ST LOUIS PARK W-3 P-09 
3,,Abena A. McKenzie,4,0.59%,,Hennepin: ST LOUIS PARK W-3 P-09 
4,,Don Samuels,383,56.32%,,Hennepin: ST LOUIS PARK W-3 P-09 
1,,Ilhan Omar,258,51.29%,,Hennepin: ST LOUIS PARK W-4 P-10 
2,,Nate Schluter,2,0.40%,,Hennepin: ST LOUIS PARK W-4 P-10 
3,,Abena A. McKenzie,0,0.00%,,Hennepin: ST LOUIS PARK W-4 P-10 
4,,Don Samuels,243,48.31%,,Hennepin: ST LOUIS PARK W-4 P-10 
1,,Ilhan Omar,340,44.56%,,Hennepin: ST LOUIS PARK W-4 P-11 
2,,Nate Schluter,5,0.66%,,Hennepin: ST LOUIS PARK W-4 P-11 
3,,Abena A. McKenzie,4,0.52%,,Hennepin: ST LOUIS PARK W-4 P-11 
4,,Don Samuels,414,54.26%,,Hennepin: ST LOUIS PARK W-4 P-11 
1,,Ilhan Omar,339,35.95%,,Hennepin: ST LOUIS PARK W-4 P-12 
2,,Nate Schluter,1,0.11%,,Hennepin: ST LOUIS PARK W-4 P-12 
3,,Abena A. McKenzie,2,0.21%,,Hennepin: ST LOUIS PARK W-4 P-12 
4,,Don Samuels,601,63.73%,,Hennepin: ST LOUIS PARK W-4 P-12 
1,,Ilhan Omar,269,55.35%,,Ramsey: ST ANTHONY P-1 
2,,Nate Schluter,7,1.44%,,Ramsey: ST ANTHONY P-1 
3,,Abena A. McKenzie,5,1.03%,,Ramsey: ST ANTHONY P-1 
4,,Don Samuels,205,42.18%,,Ramsey: ST ANTHONY P-1 
